year,code,destination,net_mass,fob_etb,fob_usd
2016,87089900,Germany,398,27773.36,1285.9
2016,62031100,United States,2052.5,357898.33,16570.52
2016,7139000,Turkey,432000,5366320.64,248458.03
2016,9011100,Canada,796800,87746420.08,4062616.39
2016,11041200,Canada,300,6536.01,302.61
2016,4090000,Germany,22400,2042820.64,94581.6
2016,9109900,Sweden,110.75,10329.52,478.26
2016,64039900,Italy,4700,1192844.97,55228.13
2016,62149000,Germany,59,46668.4,2160.72
2016,71031000,France,16.05,141011.98,6528.78
2016,84439910,United Kingdom,53,47797.5,2213
2016,6031100,Kuwait,26101.33,2181529.55,101003.76
2016,9011100,Hong Kong,19260,1054236.15,48810.62
2016,92060010,Thailand,88,1522.63,70.5
2016,52051100,China,92718.5,4251517.64,196843.18
2016,7133100,Indonesia,825000,19944210.31,923407.2
2016,6031100,Cameroon,686.98,57163.83,2646.64
2016,8051000,Djibouti,810781,8993227.7,416382.05
2016,9109900,India,40500,2088070.34,96676.64
2016,12092900,Jordan,22000,578843.26,26800.16
2016,7129090,Luxembourg,7.65,5718.36,264.76
2016,71039100,United Kingdom,0.02,496.15,22.97
2016,6031100,Nigeria,2196.48,182688.43,8458.38
2016,61034900,United States,30598.6,5987781.51,277231.35
2016,55093100,Kenya,11900,1114445.94,51598.3
2016,9093100,Algeria,75000,5285882.25,244733.77
2016,64041100,United Kingdom,81,18543.21,858.54
2016,39269090,Canada,160,2570.82,119.03
2016,71031000,Russia,0.1,17401.52,805.68
2016,2062900,Viet Nam,138065.76,4172181.96,193169.99
2016,73029000,Sweden,15,952.19,44.09
2016,25232900,Somalia,8475000,12798523.84,592565.41
2016,6031900,Hong Kong,2630.36,248759.35,11517.43
2016,62032900,United States,1164.45,107498.5,4977.13
2016,7142000,Djibouti,5970,25023.09,1158.55
2016,12051000,United States,18,586.55,27.16
2016,6031900,Canada,8375.72,732106.78,33896.18
2016,41139000,Cambodia,1306,483070.19,22365.91
2016,61051000,Germany,120618,33517747.78,1551855.36
2016,61033100,Italy,5080.32,2847857.32,131854.4
2016,7129090,Zimbabwe,249.13,187523.2,8682.22
2016,71031000,United States,1097.62,10335301.13,478519.4
2016,46021910,Israel,20,1733.24,80.25
2016,11061000,Angola,120,10862.86,502.95
2016,57050000,Israel,10,1298.04,60.1
2016,7108000,Nigeria,2610,259950.42,12035.57
2016,61033900,Norway,999.5,376202.51,17417.99
2016,52081900,Italy,50888.6,2851900.21,132041.59
2016,44201010,Australia,226,15048.21,696.72
2016,7129090,Algeria,10.2,7646.11,354.01
2016,3055900,Sudan,116130,1261381.84,58401.37
2016,12019000,Viet Nam,1936000,15874986.76,735004.13
2016,7129090,Central African Republic,14.87,11118.93,514.8
2016,57050000,United States,620,202532.03,9377.13
2016,13019000,Greece,60977,5404964.35,250247.21
2016,71031000,Israel,0.45,258870.32,11985.57
2016,46021910,United States,6071.11,848355.21,39278.42
2016,21032000,United Arab Emirates,6156.5,79863.67,3697.65
2016,2021000,Qatar,4407.15,175680.8,8133.93
2016,61099000,South Africa,155,12310.88,569.99
2016,41120000,Italy,85807.91,41854264.85,1937832.02
2016,13021300,Germany,225,20385.81,943.86
2016,9092100,Oman,20000,423623.29,19613.55
2016,59070000,Bahrain,120,48258.06,2234.32
2016,7129090,Taiwan,54.83,42165.75,1952.25
2016,10082100,Israel,24000,607051.05,28106.16
2016,12079990,United States,14576160,343318355.3,15895472.15
2016,19059020,Bahrain,137544,4710819.92,218108.67
2016,7129090,Burundi,1427.41,1075279.54,49784.91
2016,7129090,Mozambique,210.37,160076.07,7411.44
2016,9093100,Saudi Arabia,105000,8084152.96,374292.34
2016,14011000,Sudan,447430,1754093.33,81213.66
2016,7129090,Hungary,1030.33,776409.17,35947.36
2016,12060000,India,105000,912655.8,42255.52
2016,7129090,Brazil,15.3,11530.67,533.87
2016,6031100,Djibouti,1040.16,86662.08,4012.4
2016,9103000,Italy,25,1779.3,82.38
2016,41120000,Turkey,4,4852.84,224.68
2016,64059000,United Kingdom,2572.58,3343591.14,154806.64
2016,52053200,Czech Republic,4704.4,374718.08,17349.26
2016,9022000,Norway,10,2775.41,128.5
2016,12079990,Israel,231122,5243005.4,242748.59
2016,9024000,Kenya,473600,13902060.53,643658.61
2016,62149000,Canada,112.4,139257.76,6447.57
2016,9109100,United States,2663,406918.97,18840.13
2016,41139000,India,7775,1324309.91,61314.9
2016,61152100,France,3789.5,853666.33,39524.33
2016,62149000,Hong Kong,46,51884.2,2402.22
2016,9011100,Germany,23211287.5,1636777160,75781983.01
2016,9011100,Singapore,84600,8783432.35,406668.63
2016,6031100,Congo,288.64,24188.6,1119.92
2016,61082100,Germany,12389,4160802.34,192643.12
2016,14049000,United States,11,1089.33,50.44
2016,7135000,Djibouti,481559,7999505.25,370373.2
2016,11029000,Finland,3,349.55,16.18
2016,68062000,Israel,350,37804.9,1750.35
2016,2068000,Sudan,986,21042.12,974.24
2016,42032900,United Kingdom,3327,2438365.79,112895.14
2016,9041100,South Africa,900,74322.66,3441.1
2016,7129090,Netherlands,94057.64,4494691.49,208102.02
2016,7032000,Somalia,10466,239371.71,11082.81
2016,12011000,Kenya,3542900,27389394.38,1268115.58
2016,19041000,Norway,1543,297963.93,13795.58
2016,17031000,Djibouti,9169560,20639744.78,955610.09
2016,7139000,Italy,125,11996.59,555.44
2016,61019000,Germany,519.42,414634.71,19197.38
2016,70181010,Germany,13,1853.17,85.8
2016,41131000,Russia,497.65,139595.64,6463.21
2016,69111000,Australia,112,13503.08,625.19
2016,6031900,Germany,69015.04,5807685.13,268892.98
2016,7070000,Djibouti,94788,682866.14,31616.37
2016,6031900,Singapore,973.28,91022.85,4214.31
2016,52094200,Bangladesh,29.2,392.16,18.16
2016,87164000,Djibouti,14200,1285065.54,59497.91
2016,11061000,Switzerland,821,98703.56,4569.93
2016,7108000,Congo,78,1931.23,89.42
2016,19059020,Switzerland,12765,811096.57,37553.38
2016,41139000,South Korea,347,62854.23,2910.12
2016,85367000,Kenya,1226,119417.93,5528.99
2016,6031100,Norway,772225.64,66048478.65,3058012.3
2016,21039000,United States,5,270.42,12.52
2016,42022190,United States,1255.5,1457064.45,67461.37
2016,22041000,China,15756,1155510.19,53499.56
2016,96020090,Ghana,175,142978.75,6619.85
2016,11072000,Italy,5,544.34,25.2
2016,61099000,Canada,808.29,127452.64,5901
2016,22021000,South Sudan,35500,720438.64,33355.96
2016,9041200,Belgium,143.45,22057.9,1021.27
2016,9083100,Switzerland,35,11881.54,550.11
2016,96020090,Malawi,1720,1197301.62,55434.47
2016,6031100,Japan,58716.34,5140539.42,238004.46
2016,7081000,United Kingdom,2500,156290,7236.15
2016,7129090,Switzerland,5744.55,282650.73,13086.6
2016,70181010,South Africa,5,929.08,43.02
2016,61091000,Belgium,1960,871953.45,40371.02
2016,54021900,Algeria,16976.8,630811.03,29206.24
2016,73239300,United Kingdom,355,15294.55,708.13
2016,7132000,Switzerland,1500,129616.8,6001.19
2016,85444200,Somalia,12345,1073047.98,49681.6
2016,64051000,Belgium,10,11390.45,527.37
2016,12079990,Italy,606300,14984146.05,693758.66
2016,2021000,Bahrain,21440.44,999516.41,46277.12
2016,1042000,Saudi Arabia,49286,2779725.32,128699.92
2016,62171000,United States,1457.84,74144.38,3432.85
2016,70133300,South Africa,90,12961.68,600.12
2016,85166000,United Kingdom,1,15906.33,736.46
2016,19059020,Saudi Arabia,440,15299.42,708.35
2016,9011100,Spain,1462300,154285988.8,7143365.92
2016,62149000,Lebanon,80,25334.75,1172.99
2016,39159000,Somalia,46710,101200.01,4685.51
2016,62046300,Germany,2088.44,2849895.4,131948.76
2016,11061000,Saudi Arabia,16978,686195.46,31770.52
2016,69120010,Sweden,1755,97499.66,4514.19
2016,58021900,Greece,17989.5,2157520.25,99892.13
2016,41131000,Italy,97836,20268108.6,938403.51
2016,6031900,South Africa,121.44,10290.89,476.46
2016,62171000,Israel,513,170132.7,7877.06
2016,71171910,Lebanon,20,1656.17,76.68
2016,9012100,Sweden,330,68247.59,3159.83
2016,9103000,United States,15,811.27,37.56
2016,19059020,Netherlands,7795.75,412421.7,19094.93
2016,64051000,China,98179.71,76946350.3,3562578.42
2016,62044200,Saudi Arabia,230,89288.85,4134.03
2016,97030000,United Arab Emirates,7,435.73,20.17
2016,11061000,Netherlands,1522,209052.03,9679
2016,12072900,Saudi Arabia,62000,5547076.14,256826.92
2016,7095900,United States,36,4718.91,218.48
2016,9012100,South Korea,175,35981.73,1665.94
2016,63039100,Djibouti,82,63448.01,2937.61
2016,1041000,Yemen,3456,217444.75,10067.58
2016,9021000,Netherlands,0.6,517.02,23.94
2016,2042100,Bosnia and Herzegovina,490,55789.73,2583.04
2016,39269090,Somalia,2209,223241.34,10335.96
2016,13021300,South Africa,15,983.57,45.54
2016,10089010,Israel,1049859.7,30330430.36,1404284.11
2016,71031000,Australia,0.04,8764.69,405.8
2016,52094200,Peru,51742.6,2099144.77,97189.38
2016,41071200,India,1449.46,180761.85,8369.19
2016,12119000,Hong Kong,500,82176.02,3804.71
2016,11042900,Switzerland,1100,71289.24,3300.66
2016,6021000,United Kingdom,7616,2761968.92,127877.82
2016,8045000,Somalia,67674,577049.02,26717.09
2016,12099100,India,57000,1125082.44,52090.77
2016,44201010,United States,60,30115.29,1394.33
2016,7129090,Ukraine,15.73,11769.27,544.91
2016,12093000,Germany,108,21789.4,1008.84
2016,72104100,South Sudan,2450,70288.32,3254.32
2016,42022900,Bahamas,15,42425.7,1964.29
2016,7133300,Belgium,2478000,27993246.02,1296073.62
2016,9011100,South Africa,477600,48714732.1,2255468.31
2016,63041900,Italy,382764,33654727.06,1558197.41
2016,12011000,Sri Lanka,506000,4262332.92,197343.93
2016,7133300,Yemen,3317100,38508821.44,1782939.62
2016,10041000,Djibouti,67857,874522.07,40489.95
2016,46021910,Australia,234,33168.69,1535.69
2016,57050000,Australia,30,11870.27,549.59
2016,39209900,United States,31,7346.63,340.15
2016,64039900,United States,27063.06,16131894.31,746898.84
2016,12101000,Norway,17,3291.47,152.39
2016,82011000,South Sudan,14962.6,1774782.65,82171.57
2016,73269090,Thailand,122,2066.43,95.67
2016,9011100,Lebanon,19200,1115499.02,51647.06
2016,64051000,Finland,3,4320.71,200.05
2016,41120000,Russia,120.35,44556.63,2062.95
2016,9093100,Egypt,75000,5397004.94,249878.7
2016,39229000,South Sudan,9750,917130.65,42462.7
2016,12091000,Saudi Arabia,700,53649.53,2483.95
2016,9041200,Finland,80,12401.12,574.16
2016,33059000,United States,6874.55,319079.96,14773.25
2016,5069000,United States,117,1486215.31,68811.05
2016,7129090,Angola,725.89,547692.01,25357.88
2016,33074100,United States,464,28119.69,1301.93
2016,41120000,France,7677,3387152.75,156823.52
2016,12074090,India,484000,4524122.96,209464.68
2016,30023000,Chad,3447,2309858.02,106945.3
2016,61109000,Germany,27018.56,2305832.32,106758.91
2016,57025000,United States,243.11,32971.36,1526.56
2016,25309000,China,134999.6,4386456.74,203090.81
2016,33059000,Israel,11820,640380.17,29649.29
2016,61099000,Germany,25520.31,3478840.69,161068.62
2016,63023100,Germany,8248,651726,30174.6
2016,12019000,United Arab Emirates,91000,1207531.18,55908.1
2016,62114900,United States,21832.44,776061.71,35931.27
2016,39269090,Lebanon,30,5781.63,267.69
2016,22042100,United States,4726.8,274854.51,12725.63
2016,9109100,Australia,82,22612.01,1046.92
2016,2021000,Oman,9549.22,558888.93,25876.29
2016,44190010,United Arab Emirates,31,1677.57,77.67
2016,64051000,Swaziland,10,13312.46,616.36
2016,7129090,Egypt,3.83,2858.04,132.33
2016,6021000,El Salvador,1632,2651542.85,122765.14
2016,12079990,Turkey,78000,1500686.46,69481.05
2016,64039900,France,42.4,23652.43,1095.1
2016,4090000,Somalia,37066,1031990.13,47780.64
2016,9041200,Denmark,840,93242.01,4317.06
2016,61069000,Italy,3945.8,1217000.06,56346.51
2016,7133300,Nicaragua,476000,5765175.1,266924.79
2016,9024000,South Korea,240.4,62729.97,2904.36
2016,9019000,United States,800,42613.07,1972.96
2016,71031000,Italy,5.66,299334.35,13859.03
2016,69111000,United States,493,35951.05,1664.52
2016,9041200,Swaziland,100,17094.35,791.46
2016,52081900,Israel,100,10910.85,505.17
2016,52094200,Turkey,74.07,1089.33,50.44
2016,11081200,United States,580,27092.9,1254.39
2016,6031100,Pakistan,983.84,81267.08,3762.63
2016,19059020,Qatar,11276,635713.43,29433.22
2016,64039900,Russia,13.6,10558.16,488.84
2016,94033090,United Kingdom,50,8259.05,382.39
2016,12074090,South Korea,991000,27493589.09,1272939.74
2016,12011000,India,1848000,16641174.35,770478.25
2016,41131000,Turkey,629,276734.8,12812.68
2016,42022190,Australia,10,17185.12,795.66
2016,7132000,Iraq,278000,6018142.25,278637.05
2016,64042000,Somalia,200,49214.48,2278.61
2016,12040000,Djibouti,2500,32101.77,1486.29
2016,12119000,Germany,66310,3054531.47,141423.3
2016,48026900,Somalia,3000,118236.42,5474.29
2016,12074090,United States,1532000,35525928.5,1644833.13
2016,62033900,Germany,2675.79,4722309.93,218640.65
2016,41120000,South Korea,709.5,1222808.74,56615.45
2016,11061000,Germany,18400,1761439.39,81553.77
2016,61044200,Germany,289,564263.68,26125.14
2016,9041200,Malta,471,123094.94,5699.24
2016,7133900,Malaysia,216000,5652950.09,261728.83
2016,6031100,Cyprus,1136.96,94046.49,4354.31
2016,19059020,Germany,4175,87688.37,4059.93
2016,7095100,Djibouti,12,754.98,34.95
2016,33059000,Sweden,3170,170088.35,7875.01
2016,9109900,Italy,21,4532.8,209.87
2016,7031000,Somalia,493083,2677695.85,123976.02
2016,35052000,Sudan,5083.01,270802.66,12538.03
2016,71031000,Namibia,2.57,28105.59,1301.28
2016,71039100,Belgium,60,4279.02,198.12
2016,7133100,Pakistan,72000,1416346.56,65576.15
2016,19049000,South Africa,150,5170.27,239.38
2016,8101000,Qatar,3660,156048.81,7224.98
2016,54023300,Portugal,69902.8,2271339.04,105161.89
2016,7052900,Djibouti,14860,39762.98,1840.99
2016,6021000,Malaysia,203,35517.14,1644.42
2016,9024000,United States,450,59797.08,2768.58
2016,9011100,Ukraine,74400,4939974.82,228718.43
2016,58021100,Greece,996,61695.34,2856.46
2016,12074090,Israel,28916850,649361126.7,30065102.97
2016,7129090,Somalia,3060,2300657.94,106519.34
2016,39173900,South Sudan,25,4386.78,203.11
2016,41131000,Kenya,12,8500.7,393.58
2016,2042100,Oman,1433,84567.69,3915.44
2016,7132000,South Africa,5400,231094.08,10699.54
2016,21032000,Congo,26.5,107.29,4.97
2016,7129090,South Africa,2352.47,1493172.69,69133.16
2016,42022110,Spain,100,135811.87,6288.02
2016,41120000,Philippines,12309.4,11214106.28,519207.64
2016,41120000,India,94822,36596712.73,1694409.93
2016,12011000,United States,288000,2523401.42,116832.25
2016,2069000,Viet Nam,52395,3085331.55,142849.35
2016,75089000,Uganda,195,246980.3,11435.07
2016,10089090,Israel,190000,3662426.7,169568.57
2016,71031000,Czech Republic,0.41,82815.66,3834.32
2016,6042000,Turkey,60,5375,248.86
2016,13019000,China,238000,15233463.08,705301.9
2016,9102000,Kenya,20000,63517.02,2940.81
2016,41053000,China,2723.73,1538810.11,71246.16
2016,7041000,Djibouti,38140,192567.27,8915.77
2016,7129090,Belarus,11.22,8450.49,391.25
2016,61152900,Norway,441.66,150636.56,6974.4
2016,9062000,Canada,50,1361.66,63.04
2016,9011100,Switzerland,75630,4559258.43,211091.44
2016,96151900,Lebanon,55,2118.36,98.08
2016,9093100,Somalia,10000,150799.6,6981.95
2016,13021900,United States,84,6696.47,310.04
2016,62052000,Germany,1566,482441.27,22336.8
2016,64039100,Canada,1135,690344.11,31962.6
2016,10089090,United States,481,10953,507.12
2016,7129090,Spain,132.18,98829.25,4575.75
2016,6031900,Bahrain,1041.04,86889.36,4022.93
2016,61152900,Poland,441.66,150636.56,6974.4
2016,2013000,Kuwait,25.4,3830.6,177.35
2016,9012200,Finland,12,2778.36,128.64
2016,11029000,United Kingdom,393,24955.85,1155.44
2016,13019000,Yemen,14991,940518.7,43545.56
2016,38089990,Djibouti,1200,298831.57,13835.76
2016,41120000,Sweden,3218,3592509.17,166331.42
2016,4051000,United States,257.5,89707.78,4153.42
2016,9081100,Italy,50,16173.49,748.82
2016,41139000,Italy,10688,2781260.44,128771
2016,9109900,Australia,1442,114431.06,5298.1
2016,7135000,Sudan,9986100,148710103.2,6885205.14
2016,64059000,Yemen,240,31063.53,1438.23
2016,69120010,Israel,6731,146293.76,6773.33
2016,71179010,Israel,5,1338.09,61.95
2016,9103000,India,1962510,41147974.62,1905131.13
2016,24022000,South Sudan,2130,479307.4,22191.7
2016,94036000,United Kingdom,356,41243.5,1909.55
2016,9012100,United States,528,89993.19,4166.64
2016,42050000,United States,183.5,129290.15,5986.08
2016,41120000,Cambodia,14,16824.18,778.95
2016,6031100,Jordan,24791.84,2052609.22,95034.81
2016,7108000,United Arab Emirates,45675.5,1016897.52,47081.85
2016,22085000,South Sudan,12245.8,379018,17548.35
2016,12072900,Canada,58,1939.8,89.81
2016,7149000,Djibouti,51466,194051.67,8984.5
2016,11061000,Canada,5638,379890.19,17588.73
2016,44190010,Thailand,335,5764.25,266.88
2016,7070000,United Arab Emirates,1000,19774.98,915.57
2016,21032000,Nigeria,7059.75,36524.58,1691.07
2016,20098090,Uganda,8454.75,2542442.74,117713.86
2016,44190090,United States,243.11,1153.9,53.43
2016,64059000,China,8024,4345158.92,201178.74
2016,71179010,United States,939.96,4987765.32,230931.1
2016,19059020,Canada,92281,4888219.69,226322.19
2016,69120010,United States,8622.11,597010.64,27641.3
2016,2021000,Bosnia and Herzegovina,7484,317632.92,14706.25
2016,6031900,Oman,6090.92,580230.22,26864.38
2016,54023300,Syria,6098.6,300704.7,13922.48
2016,71179090,Sao Tome and Principe,476.39,234453.5,10855.08
2016,22030000,United Kingdom,35200,907657.77,42024.11
2016,12119000,Netherlands,88887,7728979.17,357847.97
2016,7132000,Lebanon,96000,1846998.72,85515.14
2016,7041000,Nigeria,420,9812.74,454.33
2016,12051000,Kenya,10000,210091.42,9727.13
2016,12099100,United States,29.7,236384.31,10944.48
2016,7129090,Guinea-Bissau,35.7,26665.45,1234.6
2016,61171000,United States,104.25,112569.41,5211.9
2016,39221000,Djibouti,5,1699.92,78.71
2016,41120000,Sri Lanka,1062,2207013.88,102183.66
2016,12059000,Canada,8,1396.13,64.64
2016,42032100,Germany,3440,4405462.52,203970.76
2016,8055000,Djibouti,577211,1901927.23,88058.3
2016,7099900,Morocco,29,21659.61,1002.83
2016,8101000,Saudi Arabia,69436,6501988.76,301038.92
2016,42050000,France,160,75849.65,3511.8
2016,9012100,France,255,52282.18,2420.64
2016,7139000,India,1331400,29801401.31,1379790.34
2016,2042100,Bahrain,47918.5,6039806.42,279640.1
2016,6031100,Sudan,934.56,77189.48,3573.84
2016,6031100,United Arab Emirates,477895.75,39913672.05,1847983.52
2016,8101000,Netherlands,39000,1852476.26,85768.75
2016,9071000,Italy,50,22944.12,1062.3
2016,9072000,Canada,40,2614.4,121.05
2016,33043000,Canada,20,2592.61,120.04
2016,12074090,Palestine,114000,2185841.7,101203.4
2016,61071900,United States,147574.08,8517899.84,394374.59
2016,62063000,United States,9903.2,1402419.97,64931.36
2016,62149000,Switzerland,45,46234.43,2140.63
2016,5119990,South Africa,49,346987.8,16065.37
2016,22085000,Somalia,9250,695866.56,32218.28
2016,69120010,France,321,144495.57,6690.08
2016,19059090,Djibouti,35623,2192975.12,101533.68
2016,12079910,Indonesia,24000,573518.88,26553.64
2016,11042900,Canada,30,4679.12,216.64
2016,7129090,Mali,973.93,672130.95,31119.34
2016,12011000,Turkey,506000,4443316.04,205723.36
2016,12074090,Australia,114000,4075626.01,188699.5
2016,64039900,Kenya,2153,564596.6,26140.54
2016,41131000,India,2435.06,1357895.26,62869.89
2016,41131000,Philippines,6057.5,4411255.52,204238.98
2016,62082100,Germany,10105,3920130.51,181500.13
2016,62092000,United States,600.02,29779.17,1378.76
2016,8039000,Somalia,2895725,15021914.09,695507.27
2016,9092100,Somalia,164156,1757823.78,81386.38
2016,12119000,Switzerland,1301,54529.88,2524.71
2016,42022110,Canada,24.3,46939.2,2173.26
2016,7129090,Myanmar,189.04,144237.45,6678.12
2016,4090000,Saudi Arabia,1488,86351.47,3998.02
2016,61022000,Kenya,40,20310.2,940.35
2016,64051000,United Kingdom,62,88372.54,4091.61
2016,11041900,United States,140,9691.07,448.69
2016,12079990,India,3378600,79271275.35,3670221.34
2016,20054000,Canada,1325,63317.59,2931.57
2016,11062000,Norway,388,74023.2,3427.24
2016,61091000,United Kingdom,48456.5,10281714.05,476038.33
2016,9024000,Australia,33,6092.36,282.07
2016,9062000,Somalia,66,13425.01,621.57
2016,10089090,Turkey,760000,15094603.04,698872.75
2016,62071900,United States,8175.47,327496.34,15162.93
2016,44072900,Sudan,7145600,15050060.18,696810.44
2016,9041200,United Kingdom,24909,3811859,176487.21
2016,7082000,Ireland,15250,292228.42,13530.04
2016,9061900,Germany,5,404.77,18.74
2016,11061000,Lebanon,200,12838.56,594.42
2016,4090000,Netherlands,5,646.28,29.92
2016,12060000,United States,4250,94930.04,4395.22
2016,19059020,Lebanon,120,3295.83,152.6
2016,9101100,South Africa,500,105961.73,4905.98
2016,2042100,Saudi Arabia,227068.03,26928647.43,1246783.22
2016,7129090,Canada,534.65,403232.94,18669.48
2016,7133300,United Kingdom,960000,13455312.72,622974.41
2016,85045000,Canada,220,395939.27,18331.79
2016,20093100,Netherlands,237070,7016199.58,324846.61
2016,8101000,Bahrain,500,32958.3,1525.95
2016,6031900,Zimbabwe,709.28,70284.5,3254.14
2016,9101100,Somalia,50049,1841719.08,85270.7
2016,12074090,Turkey,6269000,132296438.7,6125260.48
2016,41071900,Hong Kong,3551,744772.15,34482.59
2016,6031100,Equatorial Guinea,18.77,1549.24,71.73
2016,7129090,Hong Kong,4702.83,3530873.1,163477.71
2016,9011100,Qatar,18000,1504940.58,69678.01
2016,94018000,United States,181.82,12908.46,597.66
2016,7139000,Czech Republic,12500,325695.77,15079.56
2016,12019000,Kuwait,22000,194316.05,8996.74
2016,6021000,Belgium,215992.82,49075695.54,2272180.74
2016,19059090,Norway,235,42962.81,1989.16
2016,9083100,Canada,855,70667.16,3271.85
2016,41120000,Kenya,12,21818.6,1010.19
2016,83062910,Djibouti,10,1135.78,52.59
2016,62071100,Germany,10543,3019055.16,139780.78
2016,19049000,Canada,20,668.87,30.97
2016,9071000,United States,804,32807.99,1518.99
2016,46029000,Canada,360,30649.39,1419.05
2016,7133100,Djibouti,3500,87439.9,4048.42
2016,92060010,United Arab Emirates,5,326.8,15.13
2016,42022190,Sweden,70.4,83960.69,3887.34
2016,85489000,Germany,700,31956.75,1479.58
2016,4051000,Australia,550,94692.35,4384.21
2016,62034900,United Kingdom,11392,3292986.94,152463.68
2016,28070000,Sudan,80040,483402.6,22381.3
2016,33043000,Lebanon,40,3370.12,156.03
2016,6021000,China,7971,1361619.3,63042.32
2016,7133300,Greece,212000,2736844.79,126714.58
2016,61071100,United States,316.15,808501.36,37433.22
2016,62044200,Spain,20,58729.42,2719.14
2016,9109900,United States,10744,1128956.58,52270.14
2016,20081900,Djibouti,6108,131267.53,6077.62
2016,75089000,Thailand,25,435.03,20.14
2016,9011100,Netherlands,457800,61018924.59,2825146.4
2016,2042100,Qatar,1254.79,52109.75,2412.66
2016,12101000,Sudan,455560,14745169.66,682694.17
2016,8045000,Saudi Arabia,432,27678.79,1281.51
2016,9011100,Saudi Arabia,19406560,1277402797,59143125.54
2016,56072100,Sudan,7000,106988,4953.49
2016,12074090,Italy,76000,1764229.25,81682.95
2016,52030000,Djibouti,343,11711.88,542.25
2016,19042000,United States,50,3836.44,177.63
2016,5119990,Hong Kong,21.37,2853829.24,132130.9
2016,8101000,Angola,1500,98040.45,4539.22
2016,41079100,India,998,257792.83,11935.68
2016,12074090,Tunisia,180800,3232798.73,149677
2016,38220000,India,3930.5,949115.03,43943.56
2016,62089900,United Arab Emirates,5819.5,492260.09,22791.4
2016,97011000,Thailand,6,108.76,5.04
2016,41079900,Zimbabwe,2162,918888.79,42544.1
2016,12040000,Sudan,4000,77228.1,3575.63
2016,42022110,Germany,84,37338.56,1728.76
2016,9109900,Israel,2281,89763.28,4156.01
2016,6031100,Romania,138.16,11460.2,530.6
2016,12089000,Yemen,190000,3863850.26,178894.38
2016,69120010,Australia,1684,61343.47,2840.17
2016,52064200,South Korea,181.44,9316.42,431.35
2016,9103000,Kenya,35000,167130.65,7738.07
2016,7129090,Guinea,244.21,183055.32,8475.37
2016,22011000,Sudan,3790,64880.63,3003.94
2016,11061000,South Africa,20425,999164.74,46260.84
2016,61169200,Djibouti,16.8,60153.42,2785.07
2016,6031900,Saudi Arabia,16027.96,2281208.01,105618.8
2016,9011100,Taiwan,702000,72287517.7,3346876.74
2016,71031000,Sweden,0.1,4371.44,202.4
2016,6031900,Netherlands,2146326.48,218663556.2,10124015.83
2016,7039000,Djibouti,588757,1822724.94,84391.27
2016,46029000,Germany,191,25870.55,1197.79
2016,85232900,Canada,29,315.9,14.63
2016,46021910,Sweden,9,1183.27,54.78
2016,9083100,Germany,98,20655.55,956.34
2016,30023000,Uganda,69,33117.09,1533.31
2016,16023100,United States,88,17617.66,815.69
2016,7133300,El Salvador,1272000,18226358.82,843871.5
2016,9081100,United States,90,6389.68,295.84
2016,9012100,Turkey,17.5,5000,231.5
2016,71031000,India,3121.64,67870081.34,3142351.61
2016,7129090,Germany,76738.95,3788097.33,175387.06
2016,7129090,Singapore,73.35,55430.44,2566.4
2016,1042000,Somalia,100919,4401111.03,203769.29
2016,62063000,Australia,27.54,154009.47,7130.56
2016,13021300,Burundi,30,13265.7,614.2
2016,52053200,Turkey,73082.6,3376773.99,156342.98
2016,41120000,Czech Republic,3.5,6961.96,322.34
2016,9041200,India,9360,543248.49,25152.14
2016,7132000,Norway,135,10692.65,495.06
2016,9011100,Romania,19200,948655.88,43922.3
2016,7129090,Norway,14873.06,670182.08,31029.11
2016,7129090,Bulgaria,57.79,43597.21,2018.53
2016,90011000,Kenya,2815,820715.78,37998.74
2016,85171200,United Arab Emirates,264.81,1008924.64,46712.72
2016,9092100,Pakistan,137600,1580008.86,73153.64
2016,55164100,United States,16.3,63765.11,2952.29
2016,62043300,Germany,164.77,128716.09,5959.49
2016,12079990,United Kingdom,1428000,32216335.18,1491600.58
2016,19059090,Canada,1450,164607.32,7621.24
2016,19041000,Netherlands,75,9556.68,442.46
2016,69120010,Belgium,20,6180,286.13
2016,6031100,Saudi Arabia,1122806.57,93872202.29,4346237.1
2016,9012100,China,350,81411.3,3769.3
2016,11063000,United States,25,3484.83,161.35
2016,8101000,United Arab Emirates,17480,1074799.49,49762.69
2016,52051400,China,39040.8,1944221.65,90016.51
2016,9101200,Germany,99,20866.32,966.1
2016,7129090,Poland,13.6,10190,471.8
2016,6031100,Netherlands,18533794.68,1616815131,74857750.81
2016,64051000,Austria,63.5,85216.53,3945.48
2016,7133300,Ireland,41000,541573.29,25074.58
2016,48189000,United States,120,100898.13,4671.53
2016,61149000,United States,118,140742.08,6516.29
2016,25171000,South Sudan,532000,46446.24,2150.44
2016,64059000,United States,422958.16,186217309.1,8621770.45
2016,9041200,Sweden,33715,4327757.31,200373.05
2016,44190010,Germany,56,5481.22,253.78
2016,7129090,Congo,686.2,512986.69,23751.03
2016,7082000,United Kingdom,121076.9,6052969.2,280249.52
2016,8052000,Djibouti,1930,10486.36,485.52
2016,61043100,Germany,1675.56,1595401.56,73866.31
2016,10039000,United States,1480,13044.42,603.95
2016,11042900,Norway,48,8849.13,409.71
2016,21032000,Somalia,102,6996.18,323.92
2016,70109000,United States,160,10843.1,502.03
2016,6021000,Tanzania,36,14728.18,681.91
2016,63013000,United States,5,2565.27,118.77
2016,2069000,Egypt,23754,337872.73,15643.34
2016,64051000,South Korea,252,74282.32,3439.24
2016,12089000,Turkey,152000,3176270.43,147059.77
2016,7132000,Djibouti,51249,677855.39,31384.38
2016,42032900,United States,93920.3,40702084.82,1884486.64
2016,9012200,United States,898.2,131585.83,6092.36
2016,7129090,Djibouti,7693.75,5812789.63,269129.32
2016,11062000,Canada,2025,129635.5,6002.06
2016,49090000,Israel,4,3240.42,150.03
2016,61059000,Italy,3241.4,907865.59,42033.73
2016,11042200,South Africa,450,26958.43,1248.16
2016,6021000,Italy,23193,8779137.81,406469.79
2016,11031900,United States,3280,283309.84,13117.11
2016,68062000,United Kingdom,140,6117.82,283.25
2016,46029000,Djibouti,1050,18248.32,844.89
2016,7133300,India,16714396,189303464.4,8764657.94
2016,12074090,Swaziland,76000,2337842.08,108240.95
2016,7031000,Djibouti,6087554,20842204.45,964983.89
2016,42022900,United States,1606.95,2235732.8,103513.34
2016,12074090,China,218136390,4972857910,230240892.2
2016,44190010,Canada,295,14059.51,650.95
2016,2021000,Kuwait,5479,252709.23,11700.31
2016,8055000,Somalia,5078,101780.11,4712.37
2016,73262090,Sweden,22,914.34,42.33
2016,62045900,Germany,1896.13,467420.8,21641.35
2016,9012100,Finland,30,4499.89,208.34
2016,9011100,Viet Nam,307200,15277885.19,707358.63
2016,12101000,Switzerland,29,686.96,31.81
2016,97019000,Australia,26,2774.71,128.47
2016,46012000,United Kingdom,25,3058.91,141.63
2016,9103000,Morocco,177000,3500653.25,162078.54
2016,75089000,Spain,40,23147.56,1071.72
2016,6031900,Equatorial Guinea,9.38,774.62,35.86
2016,68152000,United States,4750,124055.08,5743.69
2016,12074090,Yemen,4911750,102470485.9,4744333.44
2016,6021000,Turkey,35,16244.91,752.13
2016,94036000,Kenya,200,20294.18,939.61
2016,7129090,Uganda,406.13,276761,12813.9
2016,49011000,Sweden,35.4,44510.78,2060.83
2016,71031000,United Kingdom,9.52,323076.41,14958.29
2016,9012100,Denmark,100,20768.73,961.58
2016,63024000,United States,4.5,5837.26,270.26
2016,75089000,South Africa,938,164457.57,7614.3
2016,58021900,Turkey,36288.6,3600496.77,166701.24
2016,12011000,China,220000,2004142.65,92790.83
2016,7129090,Nigeria,585.62,443081.5,20514.46
2016,22072000,Somalia,1953,25350.83,1173.73
2016,11062000,Germany,3050,167643.56,7761.81
2016,49019900,Turkey,40,7700,356.51
2016,69141000,Canada,484,8006.61,370.7
2016,11010000,South Africa,3725,120640.36,5585.59
2016,13019000,United States,10981.82,961680.99,44525.36
2016,7129090,Cameroon,790.24,588522.96,27248.33
2016,69120010,Denmark,150,7141.15,330.63
2016,7133300,Sri Lanka,168000,2072438.52,95952.89
2016,6031100,Qatar,8566.8,717620.61,33225.48
2016,90189000,Sudan,66.5,30855.88,1428.61
2016,39189090,Lebanon,40,8366.46,387.36
2016,11071000,Germany,175,14066.36,651.27
2016,10089090,China,190000,3764505.15,174294.75
2016,2061000,Viet Nam,110460,8735166.77,404433.96
2016,12019000,Canada,310000,3038760.01,140693.11
2016,6021000,Australia,7,834.5,38.64
2016,9041100,Sudan,2027352,136842752.1,6335752.57
2016,7102200,South Africa,810,17372.96,804.36
2016,7032000,Sudan,45200,970880.56,44951.29
2016,9041100,United Arab Emirates,2688,28758.37,1331.5
2016,73219000,India,8701.15,640216.19,29641.7
2016,73239400,United States,681.11,92895.71,4301.03
2016,25151100,United Arab Emirates,97720,431255.99,19966.95
2016,75089000,Germany,2,197.08,9.12
2016,10039000,Turkey,200,2671.25,123.68
2016,13012000,India,20000,757193.5,35057.69
2016,7069090,Djibouti,10064,121462.73,5623.65
2016,62046100,Italy,15.16,5709.75,264.36
2016,11042200,Canada,3867,72517.17,3357.51
2016,9011100,Jordan,1230000,119764614.7,5545043.17
2016,21033000,Switzerland,1,134.58,6.23
2016,11061000,Kuwait,300,25308.16,1171.76
2016,19019010,Norway,15,3500.9,162.09
2016,12089000,United States,485,16722.76,774.25
2016,64039900,United Kingdom,876,334457.87,15485.23
2016,85171200,Rwanda,29073.91,35672787.23,1651632.63
2016,6031900,United Arab Emirates,36857.82,3509227.94,162475.55
2016,19059020,Kuwait,65260,2451416.36,113499.38
2016,11062000,South Africa,12247,580407.09,26872.56
2016,9101100,Djibouti,2450,52523.43,2431.81
2016,7129090,Pakistan,92.65,70364.83,3257.86
2016,9109900,Belgium,30,10074.03,466.42
2016,7132000,Pakistan,22916000,422423046.5,19557980.71
2016,79020000,India,24000,445886.88,20644.34
2016,9083200,United States,115,27724.69,1283.63
2016,62046900,Germany,2427.1,1970322.02,91224.95
2016,9109900,Yemen,22000,595898.83,27589.83
2016,90158000,China,15.5,418135.23,19359.46
2016,64051000,Kenya,227920,38072834.53,1762753.64
2016,8031000,Djibouti,1977335,5878041.3,272150.43
2016,19059020,Nigeria,850,36673.93,1697.99
2016,61149000,Australia,58,78096.59,3615.84
2016,30023000,South Sudan,2255,368128.89,17044.19
2016,6031100,Egypt,79.2,6530.95,302.38
2016,61091000,Kenya,137,42247.92,1956.06
2016,9011100,Sudan,3879120,164392193,7611278.22
2016,54071000,Kenya,47316,5476946.27,253579.94
2016,9011100,United Arab Emirates,375902,21256982.4,984187.91
2016,48203000,United States,86.4,89631.78,4149.91
2016,2023000,Comoros,79756.6,4418428.35,204571.07
2016,13019000,Tunisia,106000,12625635.92,584560.77
2016,9062000,Djibouti,524,110750.43,5127.69
2016,6031900,Jordan,17.6,1462.95,67.73
2016,20089900,Kenya,28554.5,4267355.5,197576.48
2016,58019000,United States,4,674.3,31.22
2016,69111000,United Kingdom,44,4404.83,203.94
2016,6031100,Oman,43078.56,3584789.76,165974.02
2016,7133300,Kenya,10976238,88825497.87,4112577.17
2016,11029000,Sweden,976.5,52460.02,2428.88
2016,61033200,Italy,897.2,839861.59,38885.18
2016,53031000,Ivory Coast,16200,88101.12,4079.04
2016,19059090,Somalia,3262,213976,9906.98
2016,63053900,Japan,675,21600,1000.07
2016,39041000,Sudan,50,534.94,24.77
2016,41120000,United Kingdom,40948.23,26119742.43,1209331.31
2016,9093100,Pakistan,60000,3995987.1,185012.25
2016,8039000,Djibouti,845482,3484800.73,161344.57
2016,9092100,Djibouti,100923,3098145.07,143442.61
2016,7129090,Thailand,15.05,11476.13,531.34
2016,7119000,United Arab Emirates,425,10142.17,469.58
2016,58021900,United States,12621,2100621.8,97257.76
2016,12019000,South Africa,2616000,22465057.13,1040121.17
2016,7129090,Botswana,1092.35,822795.62,38095.04
2016,73239300,United States,100,6193.55,286.76
2016,6031100,Bahrain,656.49,54307.2,2514.4
2016,7081000,United States,10,540.85,25.04
2016,41139000,China,163244.58,38769179.68,1794994.06
2016,2042100,United Arab Emirates,140987.98,15201738.91,703833.09
2016,87089200,Germany,153,10705.21,495.65
2016,13019000,Turkey,17000,1881246.42,87100.79
2016,6021000,Russia,66,16583.21,767.79
2016,49019900,United States,299,53887.16,2494.95
2016,1042000,Djibouti,13750,1148845.25,53190.97
2016,5111000,Nigeria,37050,301507.9,13959.66
2016,19059020,Djibouti,781.25,20632.87,955.29
2016,11042200,Germany,68,3793.3,175.64
2016,58021900,Israel,8257.1,881376.89,40807.32
2016,56079000,Turkey,245,32630.47,1510.77
2016,11061000,Djibouti,85815,1147485.76,53128.03
2016,11010000,Canada,47,7308.45,338.38
2016,61152900,Germany,183635.28,62711005.6,2903488.93
2016,64059000,Italy,7340.5,1108805.26,51337.14
2016,7039000,Somalia,2442,14278.96,661.11
2016,49019900,Israel,390,54608.29,2528.34
2016,9022000,Switzerland,5,889.32,41.18
2016,94016900,United States,392,65148.34,3016.33
2016,9109900,Finland,18,2448.36,113.35
2016,61178000,Israel,176,72847.63,3372.81
2016,42022110,Japan,201,1447192.01,67004.29
2016,6021000,France,40402,12888409.63,596727.07
2016,9093100,Japan,100,38666.51,1790.24
2016,7129090,Dominican Republic,31.53,24166.5,1118.9
2016,7133300,Czech Republic,816500,10064314.54,465972.85
2016,82151000,Australia,17,1390.34,64.37
2016,19041000,Switzerland,1390,175694.76,8134.59
2016,46021210,Sweden,35,14449.69,669.01
2016,94035010,Djibouti,40,4326.55,200.32
2016,9011100,Mexico,109200,13151212.71,608894.72
2016,62052000,Djibouti,1049.5,188022.97,8705.37
2016,64032000,United States,10055.6,3225336.54,149331.5
2016,11051000,United States,681.82,14521.8,672.35
2016,9109900,Denmark,5,530.34,24.55
2016,35069900,Sudan,2,1252.56,57.99
2016,7129090,Japan,15.3,11503.29,532.6
2016,6031100,Switzerland,348.48,28874.08,1336.86
2016,4090000,Sudan,48761,3508303.09,162432.73
2016,11061000,Norway,1276,213488.7,9884.41
2016,73170000,South Sudan,130,6349.32,293.97
2016,19059020,Norway,104288,6343135.27,293684.06
2016,44201010,United Kingdom,141,46643.05,2159.55
2016,19059020,Bulgaria,200,11716.32,542.46
2016,61059000,United States,64979.35,5833702.39,270097.57
2016,21069090,United States,80,4203.93,194.64
2016,6021000,United States,75939,38290776.42,1772844.26
2016,1022910,Yemen,43200,1866846.7,86434.09
2016,96019000,Germany,3,473.12,21.91
2016,12079990,China,5364000,75370357.34,3489610.72
2016,41069200,India,7901.06,1541583.93,71374.58
2016,11043090,United States,3440,43582.4,2017.84
2016,90329000,China,11.5,1194831,55320.09
2016,61072900,Germany,3266.22,243443.1,11271.3
2016,7132000,Sudan,914360,14516233.53,672094.52
2016,7132000,United Arab Emirates,8391972,151259153.5,7003224.93
2016,46012100,United States,243.11,11869.71,549.56
2016,22030000,Israel,95744,2917999.45,135101.95
2016,12119000,Norway,3974,162632.11,7529.79
2016,7129090,United Arab Emirates,17056,603905.35,27960.52
2016,57050000,Denmark,35,8633.52,399.73
2016,73262090,Australia,50,1416.13,65.57
2016,6021000,South Korea,127,52807.47,2444.96
2016,12075000,United States,20,1291.26,59.78
2016,33049900,United States,1234,49397.54,2287.08
2016,58050090,Israel,41,61567.98,2850.57
2016,61099000,Djibouti,20300,3034182.14,140481.15
2016,69119000,Canada,7,2647.53,122.58
2016,81121200,China,84000,2715237.24,125714.16
2016,22030000,United States,68736,2187812.61,101294.66
2016,82052000,United Kingdom,12,432.05,20
2016,12079990,Yemen,55000,5069192.15,234701.12
2016,69120010,United Kingdom,422,19882.91,920.57
2016,61091000,Italy,19458.1,5013224.4,232109.85
2016,11010000,Netherlands,30,3592.69,166.34
2016,19059090,Bahrain,57,3046.72,141.06
2016,83016000,Djibouti,27.6,2141.35,99.14
2016,25232900,Djibouti,21154000,49263041.92,2280854.78
2016,12079990,Belgium,482000,11738722.03,543497.09
2016,11062000,Switzerland,165,26519.57,1227.85
2016,46021290,Australia,200,28703.94,1328.98
2016,41131000,China,624405.98,159233858.4,7372449.88
2016,58050090,United States,44,70089.84,3245.12
2016,12075000,Israel,500,11341.47,525.1
2016,42032100,Indonesia,182,174962.47,8100.68
2016,8101000,Norway,50,6396.2,296.14
2016,6031100,Lebanon,28133.6,2331935.21,107967.46
2016,94036000,United States,4014.64,72298.06,3347.36
2016,71031000,Denmark,0.29,87627.2,4057.1
2016,40170000,Sudan,806650,6912850.21,320061.58
2016,9041200,Italy,2056,242991.28,11250.38
2016,8051000,Somalia,13840,198171.7,9175.25
2016,63022100,Germany,145554,18516110.37,857286.86
2016,12099900,Israel,202.6,355416.91,16455.63
2016,7133300,Italy,891000,12395316.51,573897.09
2016,11043090,France,50,2950.9,136.63
2016,61171000,United Kingdom,71.3,29364.34,1359.55
2016,74082900,Turkey,100200,8694964.32,402572.6
2016,19059020,Equatorial Guinea,120,3423.61,158.51
2016,40040000,China,588000,3814139.7,176592.8
2016,19059090,Switzerland,180,39753.08,1840.55
2016,6021000,India,63,9762.14,451.98
2016,6021000,Philippines,234,35898.74,1662.1
2016,46021210,United States,600,80025.05,3705.12
2016,12119000,Djibouti,466,61416.51,2843.56
2016,7132000,Jordan,1074000,20087649.77,930048.38
2016,9093100,United Arab Emirates,60100,4193667.1,194164.73
2016,19021990,South Sudan,4300,78850.57,3650.74
2016,62069000,United Arab Emirates,1176.8,87132.1,4034.17
2016,10041000,Canada,400,17332.48,802.49
2016,8101000,Djibouti,4044,279433.5,12937.63
2016,22030000,France,8800,252324.08,11682.48
2016,2021000,United Arab Emirates,84397.97,3921298.95,181554.23
2016,63041900,China,18195,803337.34,37194.13
2016,54023300,Greece,6265,252126.65,11673.34
2016,7133900,India,1286000,27062736.63,1252991.49
2016,7082000,Belgium,26703.9,640197.34,29640.82
2016,94036000,France,130,2362.95,109.4
2016,62034900,Italy,1480.8,2156788.23,99858.25
2016,83061010,Germany,3,394.17,18.25
2016,58021100,United States,14792.1,2399914.36,111114.86
2016,54071000,Turkey,18894,1243584.17,57577.34
2016,11062000,Angola,422,38464.41,1780.88
2016,7070000,Somalia,1100,16829.64,779.21
2016,63026000,Slovenia,11880,1655953.29,76669.83
2016,7102900,Djibouti,9,405.22,18.76
2016,7094000,Djibouti,63501,252526.12,11691.82
2016,6031100,Spain,79.2,6593.82,305.29
2016,7139000,Malaysia,984000,23249486.33,1076439.86
2016,7133300,Turkey,2160000,25784623.88,1193815.49
2016,69120090,Australia,38,1691.48,78.31
2016,16023900,United States,440,169358.17,7841.2
2016,12074090,United Kingdom,117000,3096768.16,143378.85
2016,7092000,Djibouti,89,25073.71,1160.9
2016,9011100,Japan,7367940,520805290.1,24113030.54
2016,9041200,Australia,8882,988584.03,45770.95
2016,62034300,United States,4000.65,941856.8,43607.51
2016,9041100,Djibouti,94619,708099.05,32784.63
2016,7032000,Djibouti,161920,972872.6,45043.53
2016,7129090,Burkina Faso,77.27,58205.24,2694.88
2016,39233010,Kenya,880,4386.78,203.11
2016,12074090,Greece,1957000,48016537.48,2223142.23
2016,64059000,Kenya,75616,22245930.64,1029975.71
2016,64051000,Australia,32.5,48153.04,2229.47
2016,34012090,Canada,200,1089.33,50.44
2016,90189000,Djibouti,4,1133.21,52.47
2016,7129090,Slovakia,16.57,12411.66,574.65
2016,9024000,United Kingdom,170000,5073610.85,234905.7
2016,6031100,South Africa,94575.44,7903282.84,365918.13
2016,12102000,United States,3626,178600.84,8269.14
2016,12093000,Djibouti,120,11868.72,549.52
2016,12101000,Canada,670,19555.52,905.41
2016,15219020,United States,17500,3298587.6,152722.99
2016,25239000,Kenya,600000,1027084.8,47553.52
2016,73269090,South Africa,80,2592.33,120.02
2016,85171200,Nigeria,31919.32,50503019.62,2338265.13
2016,12119000,Nigeria,2,170.43,7.89
2016,62072100,Germany,2755,759343.77,35157.25
2016,9061900,Sudan,5180,223183.4,10333.28
2016,9061900,United Arab Emirates,1344,46906.8,2171.76
2016,61112000,Germany,4983.31,500746.46,23184.32
2016,85171200,Cameroon,392.66,1268338.88,58723.47
2016,71031000,China,38684.8,1915615.57,88692.07
2016,7041000,Saudi Arabia,1068,26635.34,1233.2
2016,50010000,Djibouti,245,803.25,37.19
2016,58050010,Djibouti,20,1600.92,74.12
2016,52094200,Madagascar,27263.83,1402201.21,64921.23
2016,69120090,Turkey,3,150,6.94
2016,21069020,Egypt,10,4386.78,203.11
2016,25232100,Somalia,1819925,3024346.59,140025.75
2016,19041000,South Africa,32106,1566931.9,72548.18
2016,12102000,Israel,106050,2569663.77,118974.17
2016,12040000,Canada,22,4140.4,191.7
2016,63019000,Germany,50,1754.71,81.24
2016,8101000,Nigeria,37583,2193850,101574.19
2016,11029000,United States,6798,495258.87,22930.24
2016,7129090,Chad,328.1,248026.32,11483.49
2016,7135000,South Sudan,27000,394585.94,18269.14
2016,85481000,South Korea,128670,282716.29,13089.63
2016,39249000,United States,250,111590.84,5166.6
2016,6031900,Japan,247519.18,28299967.87,1310274.69
2016,49011000,Israel,542,137150.69,6350.01
2016,64029900,Canada,328,139438.53,6455.94
2016,58021900,Kenya,27236.85,3004436.7,139103.95
2016,8045000,Djibouti,1035555,6475985.89,299834.99
2016,6031100,Germany,26044.34,2229337.83,103217.26
2016,49111000,Turkey,3352,110375.13,5110.31
2016,49019900,Kenya,658,481580.98,22296.96
2016,9011100,Djibouti,23580,1761148.76,81540.33
2016,5100090,Hong Kong,3.56,683177.74,31630.79
2016,7129090,Indonesia,400.41,303354.4,14045.16
2016,7129090,Rwanda,1622.7,1215256.94,56265.81
2016,34060000,Canada,800,348.58,16.14
2016,9109900,United Kingdom,10,2175.19,100.71
2016,19041000,Germany,352,30130.69,1395.03
2016,64039900,Belgium,7.2,3955.29,183.13
2016,22030000,Australia,16912,610038.66,28244.49
2016,49011000,United States,18.4,13553.68,627.53
2016,7133300,Portugal,4827000,46798860.73,2166764.39
2016,52052200,Turkey,1245046.77,64275663.63,2975931.83
2016,12074010,China,570000,11726982.97,542953.59
2016,46021290,United States,24,29412.04,1361.76
2016,12019000,Mozambique,1012000,9790075.35,453275.71
2016,9093100,Indonesia,285000,21953332.45,1016428.58
2016,11042200,Switzerland,149,9181.19,425.08
2016,9011100,Norway,153300,15043573.38,696510.11
2016,9011100,Bulgaria,153600,7611259.51,352397.59
2016,25162000,South Sudan,153600,25655.74,1187.85
2016,6031900,Djibouti,306.24,25689.15,1189.39
2016,7129090,Romania,99.88,76232.07,3529.51
2016,15219020,Italy,18151,3338351.36,154564.04
2016,9022000,Germany,92.89,4281.17,198.22
2016,61023000,Italy,796.76,695269.14,32190.62
2016,57019000,Germany,45,12412.55,574.7
2016,26159000,China,68381.83,55425637.22,2566179.93
2016,11029000,Italy,24,1436.68,66.52
2016,41120000,China,215008.9,106124924.6,4913532.19
2016,22087000,South Sudan,530525.67,17435195.91,807241.06
2016,20079900,Germany,15,4386.78,203.11
2016,6021000,Kenya,1337,393340.29,18211.48
2016,94036000,Turkey,12,2200,101.86
2016,40121100,China,2870.8,672687.42,31145.1
2016,9011100,Poland,38400,3840522.88,177814.33
2016,2042100,Kuwait,7223.3,319648.96,14799.59
2016,71031000,Malaysia,9.19,377724.23,17488.45
2016,79039000,Kenya,219563.74,2044671.35,94667.29
2016,9041200,Israel,17741,1247923.84,57778.26
2016,9011100,Nigeria,180,29098.24,1347.23
2016,52052300,Turkey,60589.71,3227590.09,149435.84
2016,41139000,United Kingdom,200.77,154502.04,7153.37
2016,44092100,South Sudan,1000,18250.51,844.99
2016,8054000,Djibouti,170,6313.39,292.31
2016,12040000,Italy,5,1073.08,49.68
2016,7104000,Saudi Arabia,1210,28209.19,1306.07
2016,39235000,Kenya,100,1096.69,50.78
2016,11081100,Switzerland,5,889.32,41.18
2016,12079910,Israel,38000,813872.6,37681.9
2016,11043090,South Africa,648,50844.45,2354.07
2016,2041000,United Arab Emirates,500,56928.3,2635.75
2016,64051000,Israel,604,164574.28,7619.71
2016,7133300,France,608000,7001936.37,324186.23
2016,19041000,Canada,6175,395151.73,18295.33
2016,64029100,United Kingdom,12,3142.77,145.51
2016,7133300,Germany,1148000,12954099.76,599768.49
2016,69120090,United States,1258,129799.49,6009.65
2016,19059090,Netherlands,262,19173.87,887.74
2016,64051000,New Zealand,546.5,124221.8,5751.4
2016,62011300,Lebanon,6,513.54,23.78
2016,9103000,Yemen,135000,2609560.57,120821.38
2016,12079910,United States,1308894.4,30871306.35,1429326.42
2016,4090000,Djibouti,10500,682466.39,31597.86
2016,25010090,South Sudan,26000,100060.27,4632.73
2016,7133900,Egypt,115000,1044927.02,48379.61
2016,12051000,Djibouti,221,2839.24,131.45
2016,9011100,Slovenia,37200,3674424.27,170124.05
2016,22011000,South Sudan,17700,128690.46,5958.31
2016,44201010,Thailand,198,3393.29,157.11
2016,12019000,India,31717700,289915810.9,13422960.42
2016,2099000,Oman,3020,163575.28,7573.46
2016,8111000,Saudi Arabia,4500,295072.2,13661.7
2016,9011100,Kuwait,133200,7332778.16,339504.05
2016,9041200,United States,91606,10764119.76,498373.48
2016,62034900,Germany,852.69,854708.59,39572.59
2016,10049000,Canada,1020,23880.98,1105.68
2016,52092100,Kenya,164,838409.85,38817.97
2016,64059000,Sweden,15,3948.1,182.8
2016,32082000,Somalia,25100,427123.62,19775.61
2016,5100090,France,170,1647348.13,76271.41
2016,22030000,Italy,8800,279007.15,12917.89
2016,12092900,Egypt,720000,5653114.78,261736.46
2016,41120000,Japan,1366.75,1855568.68,85911.92
2016,7133300,Russia,4136032,57487114.92,2661625.32
2016,61091000,United States,128771.04,29619604.9,1371373.24
2016,7133300,Syria,90000,965619,44707.69
2016,26159000,Japan,508.05,564398.62,26131.38
2016,13019000,Saudi Arabia,15000,1803219,83488.16
2016,21033000,United States,135,14666.99,679.07
2016,7129090,Zambia,5460.81,4136611.24,191523.08
2016,7051900,United States,4,518.6,24.01
2016,25084000,Turkey,16.9,213.96,9.91
2016,7099900,Canada,21,1089.33,50.44
2016,6031100,Canada,4687.16,422821.91,19576.44
2016,12089000,Switzerland,5,762.01,35.28
2016,12074090,Sudan,953000,21371283.71,989480
2016,7129090,Sierra Leone,22.53,17241.33,798.26
2016,73269090,Canada,169,3861.69,178.79
2016,12074090,United Arab Emirates,2526855.73,54475471.93,2522187.74
2016,64051000,United States,4178.34,1647335.23,76270.83
2016,1062000,Hong Kong,430,40578.49,1878.76
2016,4051000,Sudan,2936,347093.02,16070.23
2016,82159900,Thailand,46,783.06,36.26
2016,20098090,Egypt,20,4296.28,198.92
2016,34012090,Somalia,39784,712861.66,33005.15
2016,62143000,United States,619.39,580619.82,26882.41
2016,90011000,Turkey,646,4010.97,185.71
2016,6031900,Cameroon,78.6,6573.1,304.32
2016,7101000,Djibouti,6280,129112.3,5977.85
2016,12102000,Australia,210,11025.94,510.5
2016,1042000,United Arab Emirates,1600,150065.3,6947.95
2016,58021100,Turkey,19492.1,2178154.16,100847.47
2016,41071100,India,1762.5,311065.55,14402.18
2016,7133300,United States,321200,4421654.64,204720.45
2016,71031000,Poland,0.01,6057.54,280.46
2016,69139090,Australia,8,993.47,46
2016,7129010,Viet Nam,11900,8929343.49,413424.24
2016,7129090,Viet Nam,4464.95,3360526.8,155590.75
2016,7102900,Belgium,38402.15,2526208.8,116962.23
2016,8072000,Saudi Arabia,45,2883.19,133.49
2016,62121000,Canada,39.5,13701.75,634.38
2016,49011000,Canada,201,5588.88,258.76
2016,41120000,Finland,244.5,393125.85,18201.53
2016,12079910,Germany,37000,881789.92,40826.44
2016,62046300,China,17.48,20175.47,934.11
2016,85444900,Kenya,1370,76349.16,3534.93
2016,69119000,Australia,60,2352.96,108.94
2016,9022000,Canada,137,18174.92,841.5
2016,9041100,Yemen,5000,129256.8,5984.53
2016,1061300,Djibouti,22500,756098,35006.97
2016,12074090,Jordan,6333000,135156466.2,6257678.38
2016,7051100,Somalia,3525738,15254165.33,706260.41
2016,9041200,France,1400,188695.51,8736.51
2016,19052000,South Sudan,1200,30584.47,1416.05
2016,11062000,Netherlands,10,437.14,20.24
2016,9041200,Germany,34168,4340575.35,200966.51
2016,62034900,United States,10735.5,2873223.55,133028.85
2016,34060000,United States,218.18,8605.64,398.44
2016,11061000,Malta,50,7564.73,350.24
2016,67041100,Lebanon,100,19257.84,891.63
2016,12072900,United Arab Emirates,33000,2914740.84,134951.08
2016,12019000,South Korea,480000,4324128.96,200205.06
2016,62149000,Norway,27,40178.24,1860.23
2016,19059020,United Arab Emirates,966617,32826307.59,1519842.02
2016,6031900,Kuwait,15188.18,1265313.25,58583.38
2016,64029900,United States,9420,3966536.04,183648.68
2016,61091000,Germany,65158.83,17211945.57,796904.68
2016,22030000,South Sudan,275291,5148035.42,238351.52
2016,64051000,France,1365.1,361087.67,16718.19
2016,4090000,Norway,100040,7487660.66,346675.02
2016,61044200,Sudan,3983,4224872.65,195609.55
2016,22011000,Somalia,18050,148926.46,6895.22
2016,11029000,Australia,3442,209653.51,9706.86
2016,12011000,United Arab Emirates,220000,2009875.56,93056.26
2016,64051000,Germany,755,892941.7,41342.77
2016,11010000,Switzerland,105,7625.62,353.06
2016,12011000,Sudan,250000,2208465.14,102250.86
2016,41071900,India,18315.71,3511054.82,162560.12
2016,61089100,Germany,37626,13296113.39,615603.56
2016,9011100,Portugal,216000,18312927.16,847879.58
2016,33053000,Canada,15,2957.54,136.93
2016,64051000,Norway,3,4269.61,197.68
2016,1041000,Djibouti,170719,9597531.44,444361
2016,11062000,United Kingdom,155,14387.56,666.13
2016,46029000,Sweden,700,15300.04,708.38
2016,7129090,Lao People&#39;s Democratic Republic,15.3,11648.14,539.3
2016,5069000,South Africa,35,217842.42,10086
2016,8109000,Djibouti,8265,95955.33,4442.68
2016,9092100,Kenya,20000,171341.6,7933.03
2016,71179090,Canada,4.5,2157.89,99.91
2016,61051000,United States,82840.52,6234473.18,288653.06
2016,7132000,India,470000,8897512.08,411950.46
2016,9041200,Norway,6475,1565081.76,72462.52
2016,12074090,Oman,38000,815384.24,37751.89
2016,7129090,India,14534.32,11069850.43,512528.67
2016,71031000,Germany,40.63,850992.62,39400.54
2016,71031000,Singapore,7.26,245117.28,11348.81
2016,7129090,Philippines,713.84,537406.88,24881.67
2016,62149000,France,159,243605.5,11278.82
2016,61178000,Sudan,7359,3170593.16,146796.91
2016,7129090,Sweden,597.27,452227.95,20937.93
2016,94037000,United States,17,1612.46,74.66
2016,22089000,Italy,16,491.78,22.77
2016,52103900,Turkey,900,130549.36,6044.37
2016,71031000,Guinea,6.7,19894.37,921.1
2016,7122000,Djibouti,648,8450.82,391.26
2016,62079100,United States,1987.5,271966.37,12591.91
2016,39269090,Portugal,24082,287248.24,13299.45
2016,14049000,Canada,2000,4357.34,201.74
2016,7133300,Djibouti,319812,3937789.14,182317.71
2016,7129090,Austria,4.25,3231.47,149.62
2016,41120000,Spain,714,734586.4,34010.99
2016,1022910,Saudi Arabia,2253660,89700447.16,4153086.88
2016,9041200,Djibouti,106919,4721395.83,218598.31
2016,9101100,Kenya,58000,1912834.76,88563.31
2016,64062000,Italy,1920,153365.4,7100.75
2016,71171910,United States,107.02,683687.48,31654.4
2016,9109100,Canada,155,17281.71,800.14
2016,9093100,India,2000,173646.99,8039.77
2016,4090000,United States,15,5264.13,243.73
2016,7133300,Poland,72000,924376.32,42798.17
2016,40111000,South Africa,197,16202.1,750.15
2016,7051900,Djibouti,10290,26379.31,1221.35
2016,64039900,Spain,3978,822843.91,38097.27
2016,8044000,United Arab Emirates,35.55,1630.68,75.5
2016,62149000,United States,2074.85,2288370.29,105950.44
2016,7129090,Niger,188.27,142932.66,6617.72
2016,61091000,Djibouti,12812.2,2763068.68,127928.73
2016,10082100,Canada,83000,1151119.01,53296.25
2016,7129090,Ireland,6861.28,770106.23,35655.56
2016,41131000,Hong Kong,133331.55,54547074.93,2525502.93
2016,7133300,Bulgaria,1680000,19625894.31,908669.32
2016,11042900,Sweden,100,6941.22,321.38
2016,19059090,United Kingdom,1115,252859.89,11707.29
2016,12074090,Egypt,1823000,36463320.71,1688233.93
2016,62149000,Israel,75,17307.28,801.32
2016,42022110,Sweden,210,147754.66,6840.97
2016,7129090,Sri Lanka,763.89,579637.93,26836.95
2016,61013000,Italy,907.1,709034.85,32827.97
2016,25232900,Turkey,150,442.51,20.49
2016,7133300,Slovenia,405908,4548614.97,210598.64
2016,71162010,United Arab Emirates,3,1129658.4,52302.63
2016,61019000,United States,8510.3,283179.25,13111.06
2016,9011100,Russia,819600,58885998.05,2726392.94
2016,70181010,United States,58,37412.7,1732.18
2016,38151100,Germany,290,281930.62,13053.25
2016,8129000,Djibouti,46726,161878.2,7494.88
2016,15219020,Japan,17000,3462162.88,160296.45
2016,6031900,United States,165368.39,17491876.97,809865.37
2016,7099900,Djibouti,4415784.87,626792292.4,29020176.95
2016,12074090,Switzerland,190000,3953636.72,183051.45
2016,12089000,United Arab Emirates,38000,751412.09,34790.01
2016,71031000,Canada,43.05,214178.41,9916.35
2016,54023300,Egypt,12223.3,545926.11,25276.11
2016,13019000,Viet Nam,357995,19561226.56,905675.23
2016,92060010,Denmark,13,2713.39,125.63
2016,7129090,Argentina,7.65,5708.61,264.31
2016,9011100,France,6881700,425264903.5,19689557.29
2016,6021000,Cyprus,60,21505.21,995.68
2016,54078200,Turkey,988.72,138539.38,6414.31
2016,71031000,Hong Kong,2931.78,14410517.94,667199.94
2016,13021300,United States,1253,37053.88,1715.59
2016,12074090,Bahrain,76000,1609940.01,74539.44
2016,7051900,Nigeria,4303,105709.87,4894.31
2016,12079990,Germany,1008710,23946858.87,1108727.87
2016,39269090,United States,256.11,16577.38,767.52
2016,9022000,Malaysia,50,7069.36,327.31
2016,9011100,Israel,537600,32449859.69,1502412.65
2016,9041200,Nigeria,27978,682386.85,31594.17
2016,62011200,United States,150,134860.22,6243.96
2016,9093100,Sri Lanka,30000,2622591.86,121424.72
2016,52094200,Guatemala,53232.44,2335249.25,108120.9
2016,61102000,United States,11830.8,1235621.09,57208.64
2016,9011100,New Zealand,331800,44371732.91,2054389.57
2016,44160000,United Arab Emirates,66,3485.87,161.39
2016,6031900,France,3349.64,281226.53,13020.66
2016,68101100,South Sudan,8000,39015.1,1806.38
2016,33059000,Lebanon,4956,244249.32,11308.62
2016,9109900,Saudi Arabia,37300,2251526.15,104244.56
2016,53031000,Sudan,3930,737366.68,34139.72
2016,85481000,Jordan,1022.5,45837.5,2122.26
2016,9109900,Netherlands,53,12837.28,594.36
2016,63023100,Australia,18,9995.12,462.77
2016,70131090,United States,200,37859.67,1752.88
2016,9011100,United States,10761463,1337442976,61922956.51
2016,9041200,Kuwait,600,61935.59,2867.59
2016,7129090,Cambodia,856.06,655502.89,30349.46
2016,1022910,Qatar,138880,5721044.32,264881.55
2016,61082100,United States,14054.55,425127.8,19683.21
2016,4051000,Netherlands,10,1938.85,89.77
2016,19041000,Denmark,250,19733.76,913.66
2016,12079910,Belgium,55144,1392092.24,64453.19
2016,26159000,Hong Kong,10083.75,4277777.71,198059.02
2016,52051200,Turkey,80973.65,3564094.98,165015.85
2016,8043000,Somalia,7064,152293.82,7051.13
2016,41120000,Hong Kong,132530.49,97447187.65,4511757.19
2016,25231000,Djibouti,18963406,32884738.24,1522547.32
2016,82159900,United States,2045.45,36789.11,1703.32
2016,6031900,Tanzania,66.88,8703.87,402.98
2016,7097000,Djibouti,67,6024.27,278.92
2016,62042900,United States,53492.07,14283266.86,661308.27
2016,96020090,Congo,4270,2262816.74,104767.3
2016,61013000,United States,150.3,223562.7,10350.84
2016,64041100,Sudan,884.3,173335.71,8025.36
2016,9093200,United States,390,29616.93,1371.25
2016,9109900,Switzerland,129,27574.18,1276.66
2016,44201010,Germany,51,7097.49,328.61
2016,9083100,Kenya,2000,64192.8,2972.1
2016,1022910,Egypt,970260,38835300.14,1798055.42
2016,12093000,United States,20,130201.11,6028.25
2016,39051900,Sudan,100,1604.82,74.3
2016,6031900,Italy,5552.2,473948.82,21943.6
2016,12074090,Taiwan,361000,9918585.82,459225.68
2016,41131000,South Africa,32,15380.54,712.11
2016,76169900,Australia,6,2975.55,137.77
2016,9019000,Canada,23,5086,235.48
2016,11062000,Malta,60,8775.05,406.28
2016,46019400,South Africa,41,9032.78,418.21
2016,2045000,Bosnia and Herzegovina,490,55789.73,2583.04
2016,9109100,South Africa,330,11802.88,546.47
2016,41120000,Myanmar,993.5,937604.15,43410.61
2016,58063100,United States,129,55839.4,2585.34
2016,61029000,Germany,2043.6,1535597.13,71097.4
2016,11029000,Norway,300,65662.7,3040.15
2016,7133300,Pakistan,23090000,274169210.9,12693900.53
2016,1022910,Oman,80400,3667215.18,169790.27
2016,94038900,United States,250.11,72600.98,3361.39
2016,9041100,United States,85,12830.64,594.05
2016,85041000,Germany,15,658.01,30.47
2016,64061000,Hong Kong,133.82,65753.31,3044.35
2016,7082000,South Africa,23703,127176.1,5888.19
2016,19041000,Finland,15,1710.93,79.22
2016,42023220,United Kingdom,375,64774.2,2999.01
2016,7049000,Djibouti,1091591,3448930.17,159683.8
2016,62149000,Australia,525.41,808237.11,37420.98
2016,6031100,Ghana,830.72,69003.78,3194.84
2016,57025000,Canada,6,3187.01,147.56
2016,7104000,United Arab Emirates,550,12799.57,592.61
2016,12079990,Spain,19000,446024.81,20650.73
2016,62042900,France,48983.5,13338728.35,617576.61
2016,39269090,Italy,592101.5,6119478.44,283328.86
2016,64039900,Hong Kong,1957,812522.55,37619.41
2016,5119990,Czech Republic,128,183352.24,8489.12
2016,13019000,United Arab Emirates,45150,4934156.88,228449.05
2016,87163100,Somalia,9400,43573.4,2017.43
2016,8071100,Djibouti,78520,246670.3,11420.71
2016,33059000,Canada,4965,238893.77,11060.66
2016,42023190,United States,222.41,360278.92,16680.73
2016,12074090,Saudi Arabia,5065826,112509348.6,5209127.87
2016,39232990,Djibouti,35640,3137790.11,145278.15
2016,9011100,Italy,4899300,453310358.2,20988048.15
2016,61152900,United Kingdom,6950,2499175.69,115710.61
2016,7133900,Indonesia,1148000,29561251.65,1368671.51
2016,62044900,Sweden,42,22394.51,1036.85
2016,12102000,Norway,44,12306.23,569.77
2016,64039900,Canada,1986,1037772.85,48048.37
2016,8111000,United Arab Emirates,52538.56,3445221.19,159512.06
2016,12074090,Netherlands,722000,23045390.31,1066990.31
2016,94049000,Norway,1815,69300.19,3208.56
2016,39269090,Turkey,34.5,6600,305.58
2016,7051100,Djibouti,901197,3379892.69,156487.36
2016,1061300,Somalia,122760,4931207.75,228312.52
2016,7133300,Japan,24000,339256.36,15707.4
2016,61033100,Germany,249.4,188477.62,8726.42
2016,84138190,Germany,6.87,4351.55,201.47
2016,9019000,Germany,220,38234.59,1770.24
2016,63052000,Austria,1700.04,671340.83,31082.75
2016,1022910,Bahrain,202240,8213068.26,380261.05
2016,12119000,Israel,655,42898.05,1986.16
2016,62079900,United Arab Emirates,2257.7,206371.67,9554.9
2016,7129090,Czech Republic,778.6,595726.38,27581.84
2016,1063900,Saudi Arabia,255000,8406307.06,389207.91
2016,7129090,Seychelles,23.8,18096.25,837.85
2016,62019900,Germany,897.92,2381708.35,110271.93
2016,6031900,Australia,18356.28,2652646.24,122816.23
2016,52101900,Turkey,4950,704487.71,32617.44
2016,61099000,France,46417,10278762,475901.66
2016,9011100,Turkey,37202,2148351.06,99467.61
2016,7129090,Benin,226.26,169761.12,7859.86
2016,12099100,Netherlands,18000,389190.06,18019.31
2016,11043090,Norway,30,7001.8,324.18
2016,12119000,United States,50,5575.02,258.12
2016,22089000,United States,8,248.36,11.5
2016,7133900,Viet Nam,440000,4391409.88,203320.13
2016,7019000,Sudan,10000,109669.25,5077.63
2016,64039900,Germany,240,85329.45,3950.71
2016,30023000,Senegal,9604,6607864.22,305940.88
2016,39269090,Australia,18,533.07,24.68
2016,7129090,Togo,31.62,23787.36,1101.34
2016,62032900,Somalia,656.79,354033.92,16391.6
2016,6031100,China,1036.7,91785.44,4249.61
2016,62044200,Sweden,28.8,19592.3,907.11
2016,62149000,Italy,38,93470.72,4327.65
2016,62021900,Turkey,8,2100,97.23
2016,22030000,Djibouti,209600,4959510.2,229622.9
2016,11061000,Sweden,7372,607016.43,28104.56
2016,69120010,Saudi Arabia,4010,154847.53,7169.36
2016,75089000,United Kingdom,92,3132.4,145.03
2016,12119000,Russia,1916,180212.83,8343.78
2016,9012100,Netherlands,3055,684218.51,31678.98
2016,71179010,Saudi Arabia,498.13,248581.38,11509.2
2016,19059020,Sweden,275048,10221190.85,473236.14
2016,33059000,Germany,6600,346855.92,16059.26
2016,64051000,Japan,1105.8,600863.91,27819.71
2016,38244000,Sudan,16.65,3941.21,182.48
2016,61091000,Japan,478,145325.94,6728.52
2016,6031100,Belgium,5438.84,453384.16,20991.45
2016,39079900,Turkey,2008,257674.91,11930.22
2016,61109000,United States,76840.97,7263728.26,336307.07
2016,41132000,India,948,411445.59,19049.73
2016,96020090,Uganda,436,250833.01,11613.45
2016,94034000,Thailand,61,1044.09,48.34
2016,9011100,Australia,2190300,222038947.2,10280294.78
2016,97011000,United Kingdom,37,1296.16,60.01
2016,33049900,Djibouti,7007,60574.41,2804.57
2016,12075000,Djibouti,10,157.5,7.29
2016,70131090,Australia,37,3172.92,146.9
2016,61099000,United States,138469.83,15377789.75,711984.16
2016,9109900,Egypt,29000,2231790.12,103330.79
2016,63023100,United States,30,14104.3,653.02
2016,7129090,Namibia,618.51,460799.76,21334.81
2016,11061000,France,200,14580.9,675.09
2016,7129090,Tanzania,84.4,63273.15,2929.51
2016,9109900,Somalia,40454,957506.05,44332.06
2016,8044000,Djibouti,1817,25485.71,1179.98
2016,7051900,United Arab Emirates,4108,101949.37,4720.21
2016,68041000,Denmark,391573,8501807.8,393629.55
2016,19059020,France,1600,106652.83,4937.97
2016,61091000,United Arab Emirates,2640.71,137159.39,6350.41
2016,9109900,South Africa,1980,116083.23,5374.6
2016,62021900,Kenya,91.92,57417.52,2658.4
2016,87089100,United Arab Emirates,15000,102611.04,4750.84
2016,9041200,Sudan,168867,11744194.83,543750.49
2016,9109100,Switzerland,5,762.01,35.28
2016,9041200,United Arab Emirates,11959,294143.83,13618.71
2016,85444200,Kenya,7375,486795.4,22538.39
2016,63052000,United States,394.76,145493.88,6736.3
2016,84378000,Israel,200,26274.6,1216.5
2016,7133100,Belgium,144000,1471170.81,68114.49
2016,7133300,Puerto Rico,360000,4914107.96,227520.8
2016,7129090,Italy,92.9,69782.69,3230.9
2016,42022900,Japan,3,7447.97,344.84
2016,62052000,United States,505.15,2896040.28,134085.25
2016,7132000,Italy,70,4046.75,187.36
2016,8102000,Djibouti,59,2063.78,95.55
2016,7020000,Djibouti,5416497.75,25413048.38,1176611.72
2016,7129090,Tunisia,10.62,7957.12,368.41
2016,21069030,Germany,100,4909.88,227.33
2016,6031900,Kenya,59.84,5028.68,232.83
2016,9021000,United States,65,6295.36,291.48
2016,4029100,Somalia,1051710,1918933.51,88845.68
2016,63052000,Israel,1,3442.44,159.38
2016,9083100,Italy,100,23641.48,1094.59
2016,12074090,Singapore,4559700,90753890.17,4201860.79
2016,11061000,United States,28946,2260567.73,104663.18
2016,64019200,United States,94,69534.32,3219.41
2016,6021000,Norway,4303,1194817.02,55319.44
2016,19059020,United States,1037573.04,54463168.94,2521618.13
2016,69120010,Canada,1213,43076.32,1994.41
2016,73110000,Djibouti,17360,1613228.1,74691.68
2016,12072900,United States,200,10229.52,473.62
2016,12119000,Ireland,1104,158926.15,7358.2
2016,62044200,United States,296.15,1775450.27,82202.49
2016,9012100,Canada,232,47835.3,2214.75
2016,1041000,United Arab Emirates,37200,2231539.65,103319.19
2016,52083200,Djibouti,5,454.31,21.03
2016,95049000,United Arab Emirates,4,174.29,8.07
2016,94016900,Djibouti,20,1133.21,52.47
2016,9103000,Saudi Arabia,33986,622330.56,28813.6
2016,63024010,Israel,82,6273.88,290.48
2016,8101000,Ireland,13500,631630.9,29244.21
2016,64059000,Japan,6108.4,3316900.09,153570.85
2016,6031100,Senegal,285.12,23809.57,1102.37
2016,8101000,Niger,825,53835.94,2492.58
2016,61044200,Israel,1616,574691.07,26607.92
2016,11061000,Israel,47500,2301560.35,106561.12
2016,7133300,United Arab Emirates,816993,12279449.41,568532.52
2016,73102900,Djibouti,300,175595.47,8129.98
2016,9093100,Italy,50,11337.02,524.9
2016,9011100,Kenya,14400,1978222.1,91590.72
2016,38220000,Iraq,1118.54,334570.97,15490.47
2016,10079000,Saudi Arabia,3100000,22455437.52,1039675.79
2016,6021000,Poland,402,127237.14,5891.02
2016,20089900,Sudan,10732.69,3067498.52,142023.68
2016,42022110,Italy,15,35060.01,1623.26
2016,20089900,United Arab Emirates,12995.88,15007347.07,694832.85
2016,62044200,Israel,509,242574.03,11231.06
2016,44219090,Australia,130,32941.49,1525.17
2016,1061300,Egypt,2965659.5,110776267.1,5128887.05
2016,12024200,Djibouti,41307,886318.89,41036.12
2016,66011000,Canada,16,348.58,16.14
2016,12019000,China,190000,3807877.02,176302.85
2016,12099100,Germany,39000,750110.61,34729.75
2016,10089090,Canada,25,2297.04,106.35
2016,61051000,Kenya,114.2,40038.02,1853.74
2016,2045000,Bahrain,47109,6193648.89,286762.92
2016,11062000,Finland,4,466.06,21.58
2016,48192000,Djibouti,1390,108933.5,5043.57
2016,9083100,Australia,875,100557.95,4655.78
2016,9102000,Egypt,114000,1491045.93,69034.7
2016,9062000,United States,2160,123162.39,5702.36
2016,46021110,Djibouti,5750,119498.41,5532.72
2016,9093100,Turkey,50000,3416509.2,158182.71
2016,19019010,United States,103,5648.53,261.52
2016,11043010,United States,27000,639821.16,29623.41
2016,62063000,Germany,99704,27430215.07,1270005.56
2016,12129300,Djibouti,24380,208574.05,9656.87
2016,7011000,Somalia,49608,311380.78,14416.79
2016,7129090,Australia,463.83,352964.66,16342.1
2016,41120000,Hungary,3418,4756938.53,220243.94
2016,62044900,Israel,40,32096.4,1486.05
2016,46029000,Turkey,3.5,460,21.3
2016,9024000,Canada,288,1254.91,58.1
2016,1022910,Somalia,10677808,425646999.7,19707248.16
2016,7133300,Slovakia,48000,658453.34,30486.07
2016,52079000,Sudan,2700,315315.33,14598.95
2016,7069010,Djibouti,894592,2847878.06,131855.37
2016,30041000,Somalia,31.22,7070.71,327.37
2016,19059090,Finland,10,1150.19,53.25
2016,41120000,Taiwan,2343,2161090.95,100057.46
2016,30049090,Somalia,362.78,240975.92,11157.07
2016,7129090,Cape Verde,276.93,208767.54,9665.83
2016,46021990,United Kingdom,32,1166.55,54.01
2016,9012100,Germany,6441,846571.18,39195.83
2016,12074090,Hong Kong,380000,10193272.95,471943.55
2016,9041100,India,9375,559373.2,25898.71
2016,5069000,Netherlands,194,16225.57,751.24
2016,44151000,Turkey,8,1500,69.45
2016,33059000,Saudi Arabia,12285,662783.89,30686.57
2016,11042900,Australia,100,6536.01,302.61
2016,7099300,Djibouti,190290,460503.73,21321.1
2016,63029900,Slovenia,29691.9,4258521.88,197167.48
2016,12074090,Canada,1063960,23138040.86,1071279.99
2016,6021000,Uganda,1484,290031.32,13428.32
2016,69120010,Germany,1352,29328.36,1357.89
2016,43019000,Nigeria,72000,297721.84,13784.37
2016,7132000,Turkey,398000,8090555.29,374588.76
2016,39204300,Somalia,2400,302806.39,14019.78
2016,7129090,Turkey,15.73,11964.7,553.96
2016,7139000,Iraq,120000,2901514.56,134338.71
2016,32099000,Somalia,40000,617416.78,28586.1
2016,96062900,Italy,155,17343.31,802.99
2016,7104000,Djibouti,85,2075.78,96.12
2016,62071100,Israel,60,7961.34,368.61
2016,12079910,Greece,24000,484884.14,22449.9
2016,9011100,Ireland,57600,5310406.63,245869.23
2016,9011100,South Korea,6232005,611073421.4,28292400.93
2016,25151100,India,125956,747572.97,34612.27
2016,5119990,Russia,255,1672202.57,77422.16
2016,9012100,Somalia,250,49964.96,2313.35
2016,7133300,Romania,120000,1431662.39,66285.27
2016,71031000,Saudi Arabia,0.64,91819.42,4251.2
2016,6021000,Thailand,12,3227.26,149.42
2016,2045000,Saudi Arabia,3026792.25,356337843.1,16498268.07
2016,5119990,France,55,21377.3,989.76
2016,7139000,Egypt,880000,7390125.35,342159.2
2016,85171200,Kenya,29950.56,71040961.65,3289161.82
2016,62104000,Italy,12376.16,6661715.67,308434.18
2016,69120010,South Africa,2547,91305.24,4227.39
2016,62044300,Germany,169.49,55069.81,2549.71
2016,12079910,United Kingdom,77000,1698156.24,78623.81
2016,61071100,Germany,16463.4,2214432.96,102527.17
2016,62011200,Sweden,5,3915.56,181.29
2016,19059020,Australia,445,47765.92,2211.53
2016,41079200,China,22928.3,2449514.89,113411.34
2016,7133900,Pakistan,1464000,15231897.87,705229.43
2016,44042000,Germany,2,236.45,10.95
2016,9103000,Egypt,152000,2321828.88,107499.54
2016,6031900,South Korea,353.76,46917.92,2172.27
2016,11061000,Australia,2145,164614.37,7621.57
2016,69109000,United States,1456.8,66155.84,3062.98
2016,7129090,Portugal,31.44,23806.55,1102.23
2016,26209100,China,72000,2319778.8,107404.62
2016,61152900,Belgium,588.88,200848.75,9299.2
2016,25232900,Kenya,5000000,11525990.35,533647.73
2016,11029000,Sudan,33945,1163784.66,53882.65
2016,22043000,Saudi Arabia,12525.2,1109162.02,51353.66
2016,85161000,Djibouti,10,1133.21,52.47
2016,85171200,Tonga,3191.12,3113872.87,144170.79
2016,13021300,Sweden,1.75,190.32,8.81
2016,7133100,Malaysia,504000,12557481.4,581405.25
2016,8072000,Djibouti,623299,2193256.61,101546.7
2016,62044200,Australia,31.69,177211.07,8204.79
2016,9101100,Italy,30,7382.62,341.81
2016,32099000,South Sudan,200,17485.76,809.58
2016,6031100,Gabon,21.12,1747.16,80.89
2016,1061300,Saudi Arabia,184345,10005302.4,463240.61
2016,9011100,Sweden,1301520,98296925.01,4551099.61
2016,61082900,United States,2663.99,206391.93,9555.85
2016,12074090,Lebanon,209000,4638579.19,214763.96
2016,9103000,Iraq,172500,3170631.96,146798.71
2016,9061900,United States,1449.81,340172.16,15749.8
2016,9109900,Canada,3768,211324.7,9784.23
2016,5119990,United States,313.95,1463245.94,67747.57
2016,44219090,United States,227.27,7529.93,348.63
2016,61099000,Kenya,91.2,60936.88,2821.35
2016,71031000,Hungary,0.31,18172.64,841.38
2016,12060000,Germany,5000,1287492,59610.25
2016,26179000,China,22985,980112.56,45378.73
2016,94016900,Thailand,1334,22882.99,1059.47
2016,94036000,United Arab Emirates,65,3442.29,159.38
2016,9083100,Israel,9500,697777.63,32306.76
2016,7108000,United Kingdom,1500,71696.24,3319.5
2016,63052000,Italy,9086.7,1668857.1,77267.26
2016,61152900,Denmark,441.66,150636.56,6974.4
2016,41131000,Taiwan,3114,1667114.13,77186.57
2016,12074090,South Africa,38000,1074543.86,49750.86
2016,90273000,China,20,87880.9,4068.84
2016,19049000,United States,150,16249.2,752.33
2016,9103000,Switzerland,10,2808.36,130.03
2016,7129090,New Zealand,7.65,5800.96,268.58
2016,8101000,Seychelles,7175,275729.81,12766.16
2016,92029000,Thailand,82,1413.87,65.46
2016,7132000,Israel,41641,906791.35,41984
2016,7129090,Ivory Coast,8.08,6171.17,285.72
2016,22030000,Sudan,41715,599871.01,27773.73
2016,46029000,United States,333.73,52684.72,2439.28
2016,7129090,Israel,2896.8,2222257.04,102889.42
2016,6021000,Japan,20852,4108983.28,190243.93
2016,7082000,Netherlands,655421.28,12106413.01,560521.01
2016,9024000,Somalia,104,15742.1,728.85
2016,6021000,Colombia,27,2444.61,113.19
2016,9083100,United States,4816.99,578046.68,26763.27
2016,44151000,United States,50,9252.63,428.39
2016,9061100,Italy,50,7403.61,342.78
2016,12079990,Hungary,19000,386385.02,17889.44
2016,7129090,United States,9843.43,7409501.03,343056.28
2016,7082000,Saudi Arabia,1700,90631.96,4196.22
2016,46029000,Israel,1422,92107.97,4264.55
2016,7132000,United States,3949,153659.42,7114.36
2016,73072900,Singapore,72380.41,4922372.55,227903.44
2016,38244000,Djibouti,11500,107663.77,4984.78
2016,8111000,Nigeria,200,8199.47,379.63
2016,5040000,Egypt,12000,586553.4,27157.14
2016,85171200,Benin,170.57,164254.28,7604.89
2016,7061000,Somalia,2277984,9878465.08,457368.1
2016,73090000,Djibouti,7123,2283316.6,105716.44
2016,9109900,Germany,930,60141.11,2784.51
2016,1059910,Somalia,123.9,126118.08,5839.21
2016,7129090,Bangladesh,4113.35,3131681.11,144995.3
2016,9109100,Netherlands,2,1067.85,49.44
2016,69120010,Lebanon,415,12538.99,580.55
2016,85171200,Togo,30932.7,31094785.25,1439673.38
2016,62149000,Sweden,18,20800.95,963.07
2016,71101900,United States,513.97,940938.14,43564.98
2016,7132000,Bangladesh,1943300,34524291.24,1598457.82
2016,12011000,South Africa,330000,2662369.87,123266.42
2016,12060000,Canada,7,1079.81,49.99
2016,9093100,Israel,2750,182291.81,8440.02
2016,11072000,Switzerland,5,1412.58,65.4
2016,6031100,United Kingdom,867881.61,73200462.01,3389145.63
2016,7129090,Russia,112116.45,7268381.89,336522.53
2016,62149000,Austria,27,23367.5,1081.9
2016,11042900,Israel,6664,65229.59,3020.1
2016,41132000,Italy,60,10691.17,495
2016,11061000,Italy,500,26951.12,1247.83
2016,7051100,United Arab Emirates,16,293.37,13.58
2016,62069000,United States,1534.58,131327.45,6080.4
2016,9093100,United States,7120,461038.13,21345.84
2016,12079990,Saudi Arabia,14000,1413476.12,65443.25
2016,6031100,Greece,1784.64,147940.63,6849.58
2016,8043000,Saudi Arabia,98,6278.98,290.71
2016,68069000,Sweden,52,3529.11,163.39
2016,42022110,United States,6444.89,8448889.61,391179.46
2016,7019000,Djibouti,3474220,7590486.26,351435.8
2016,2045000,Qatar,1000,129084.59,5976.55
2016,12079990,Netherlands,589033,13660326.03,632466.42
2016,7129090,France,1035.99,778598.4,36048.72
2016,41139000,Hong Kong,46287.4,15235596.98,705400.71
2016,19041000,United Kingdom,239,23516.69,1088.81
2016,9011100,Argentina,1500,257801.99,11936.11
2016,52092900,Turkey,303,39920.14,1848.28
2016,11042900,United States,5216,272007.22,12593.8
2016,8094000,Djibouti,50,1314.26,60.85
2016,62044400,Canada,40,17429.36,806.97
2016,55032000,Turkey,5674,745890.85,34534.38
2016,7081000,South Africa,565.5,22047.35,1020.78
2016,2042100,Gabon,482.5,64858.6,3002.92
2016,52052200,Egypt,40012.14,2189502.67,101372.9
2016,12019000,United States,132000,1267404.33,58680.2
2016,73239400,Canada,1,558.1,25.84
2016,12079910,India,316000,7237949.79,335113.53
2016,42032900,Germany,6031,8721547.06,403803.37
2016,5100090,South Korea,300,5017077.73,232288.25
2016,41139000,Uganda,210,40158.18,1859.3
2016,33059000,Sudan,63414,3726164.67,172519.6
2016,64051000,Luxembourg,8.5,13385.6,619.75
2016,19042000,Norway,110,14004.62,648.41
2016,52021000,Djibouti,7154,103138.64,4775.27
2016,61044200,Denmark,39,50321.08,2329.84
2016,11061000,Denmark,420,42180.91,1952.96
2016,6021000,Spain,18901,7213074.29,333961.81
2016,96019000,Italy,120,2368.05,109.64
2016,19059020,Denmark,540,49060.81,2271.49
2016,13019000,Canada,200,5119.87,237.05
2016,84559000,Kenya,4050,96644.81,4474.61
2016,9109900,Norway,72,18404.62,852.12
2016,9092100,Yemen,191100,3186679.65,147541.72
2016,6031900,United Kingdom,22414.54,1881582.56,87116.35
2016,42033000,United States,14.5,6407.13,296.65
2016,41131000,Romania,398,191848.88,8882.51
2016,7020000,Somalia,10321730,81229692.42,3760895.08
2016,49019900,South Sudan,100,1999.43,92.57
2016,4051000,Botswana,500,64996.8,3009.32
2016,68041000,Israel,305,14029.61,649.56
2016,75089000,Australia,12,6509.32,301.38
2016,96032900,Lebanon,16,449.35,20.8
2016,11029000,Switzerland,228,21243.5,983.56
2016,44190010,Israel,200,10817.05,500.82
2016,52093900,Turkey,64314,9393284.94,434904.51
2016,11010000,Australia,25,2154.28,99.74
2016,7134000,Italy,70,6393.73,296.03
2016,9011100,Greece,1011720,63552582.54,2942453.53
2016,19059020,Ghana,119,8783.22,406.66
2016,12074090,Japan,3990000,92218034.6,4269649.96
2016,62079900,Germany,1789,532443.51,24651.87
2016,9011100,United Kingdom,2453550,284976385.7,13194267.45
2016,63024090,Germany,90,85542.21,3960.56
2016,8044000,Somalia,17574,162690.86,7532.5
2016,4022100,United States,2,250.11,11.58
2016,20089900,Qatar,10603.99,4159511.64,192583.37
2016,9109900,Djibouti,30261,329508.99,15256.09
2016,7129090,Malaysia,298.68,227318.49,10524.73
2016,42050000,Thailand,49,848.32,39.28
2016,6021000,South Africa,1341,289680.66,13412.08
2016,94032000,Sweden,240,10491.45,485.75
2016,11061000,Finland,60,6919.09,320.35
2016,11042200,Italy,10,526.62,24.38
2016,7082000,Indonesia,212000,4742929.71,219595.33
2016,63029900,Spain,36036.26,5131556.16,237588.54
2016,64041900,United States,160,68429.55,3168.25
2016,19059020,Finland,11803,808100.09,37414.65
2016,44190010,United States,250,32804.5,1518.83
2016,22030000,Switzerland,8800,267207.66,12371.58
2016,11071000,Israel,2300,98732.06,4571.25
2016,83062910,United States,170,75133.57,3478.65
2016,10061000,South Sudan,1000,13780.05,638.01
2016,42022900,Canada,119,123601.37,5722.68
2016,1041000,Saudi Arabia,1326730,76782600.94,3554996.92
2016,9103000,United Arab Emirates,150000,2685075.69,124317.69
2016,6021000,Lebanon,148,83250.89,3854.48
2016,57019000,Sweden,300,32785.8,1517.97
2016,10063000,South Sudan,2900,33067.17,1530.99
2016,11062000,United States,12691,1159898.03,53702.71
2016,39251000,South Sudan,800,19415.71,898.94
2016,13019000,Guatemala,32000,2760359.9,127803.32
2016,46021110,Spain,135,40373.3,1869.26
2016,13019000,Germany,93200,13429839.82,621795.03
2016,62079100,Greece,2680,343161.33,15888.2
2016,85481000,Somalia,2472960,5321286.39,246372.96
2016,6031100,South Korea,7332.16,610600.5,28270.52
2016,9083200,South Africa,100,26781.93,1239.99
2016,11071000,United States,445,29653.85,1372.95
2016,62063000,Japan,30868,10254246.53,474766.6
2016,7133300,Netherlands,1694540,18715171.95,866503.32
2016,61072100,Germany,118791,32979987.02,1526957.28
2016,9024000,Pakistan,616450,26457537.18,1224971.05
2016,7133300,Saudi Arabia,1118000,14845974.06,687361.34
2016,42032900,Hong Kong,281,24833.87,1149.8
2016,7069010,Somalia,498355,2177544.07,100819.23
2016,69029000,Turkey,5,250,11.57
2016,1022910,Djibouti,4964874.99,203184540.4,9407344.96
2016,63059000,United Kingdom,280.5,88335.7,4089.9
2016,9022000,India,305,35002.05,1620.58
2016,94018000,Djibouti,150,7935.24,367.4
2016,49090000,Canada,4.5,4328.78,200.42
2016,9041200,Saudi Arabia,105287,8749707.84,405107.21
2016,62046100,Germany,164.79,373.73,17.3
2016,30023000,Ivory Coast,43,171844.84,7956.33
2016,82011000,United Kingdom,18,648.08,30.01
2016,62149000,United Kingdom,177.7,279054.57,12920.1
2016,64051000,Netherlands,4,6393.48,296.02
2016,64059000,Canada,20595,9025428.41,417872.93
2016,7129090,Gambia,79.05,59801.2,2768.77
2016,39251000,Somalia,200,28083.64,1300.26
2016,61119000,United States,93279.7,9780078.9,452812.86
2016,4090000,United Kingdom,23052,1927452.28,89240.1
2016,7011000,Djibouti,4697815,22281764.18,1031634.8
2016,7051900,Saudi Arabia,10495,232874.55,10781.98
2016,41062100,Netherlands,390,134389,6222.15
2016,9041200,Netherlands,8561.6,1527430.04,70719.25
2016,41131000,Viet Nam,2300,1012353.2,46871.45
2016,12072900,China,160000,2212126.72,102420.39
2016,9103000,Jordan,68000,1157840.86,53607.47
2016,44201010,United Arab Emirates,85,4575.2,211.83
2016,6031100,Sweden,73.92,6123.3,283.51
2016,71171910,United Kingdom,112,3897.14,180.44
2016,11061000,Belgium,80,6822.62,315.88
2016,12079990,Viet Nam,480000,6479942.96,300018.19
2016,41120000,Slovakia,272.5,576825.11,26706.72
2016,19059020,Belgium,670,37543.79,1738.26
2016,39241090,Sweden,40,15730.25,728.3
2016,11042200,Australia,100,4874.76,225.7
2016,11029000,Angola,600,22407.62,1037.46
2016,19059090,United States,12130.5,1217662.27,56377.16
2016,7133300,Hungary,236000,2821511.48,130634.6
2016,7136000,India,1286000,30356271.49,1405480.53
2016,19041000,Sweden,1637,119138.15,5516.05
2016,12129900,United Arab Emirates,10.3,536.56,24.84
2016,71031000,Indonesia,1.7,362.79,16.8
2016,7139000,United Arab Emirates,440000,8350255.53,386612.75
2016,54021900,Finland,4,1506.62,69.76
2016,7139000,Sudan,720000,3958513.28,183277.23
2016,12072900,Yemen,82000,7135389.02,330365.02
2016,9012100,Japan,650,135498.04,6273.49
2016,9011100,Georgia,19200,1243885.34,57591.28
2016,42050000,Japan,396,584971.2,27083.88
2016,96020090,Zimbabwe,2073,1266269.91,58627.67
2016,92059000,Israel,5,540.85,25.04
2016,7051100,Saudi Arabia,7,158.16,7.32
2016,6021000,Canada,35620,18329288.08,848637.08
2016,2074500,Oman,1500,81700.12,3782.68
2016,21069090,Canada,80,1274.52,59.01
2016,9041200,Switzerland,11837,1932433.24,89470.71
2016,69120010,Norway,390,36251.48,1678.43
2016,75089000,France,4,4252.58,196.89
2016,63051000,United States,1389.75,1512395.37,70023.17
2016,7129090,Belgium,29.92,22468.37,1040.27
2016,94033000,United States,46,9252.63,428.39
2016,12099900,Netherlands,166.6,290628.77,13455.97
2016,7132000,Yemen,68000,1165461.41,53960.29
2016,64051000,Switzerland,92,119815.72,5547.41
2016,7133900,Canada,100,1089.33,50.44
2016,12119000,United Kingdom,101280.45,9394680.66,434969.13
2016,41071900,China,9240.6,6098951.24,282378.46
2016,9012100,Poland,274,63085.83,2920.84
2016,42021110,Canada,1.5,1543.02,71.44
2016,52094200,United Arab Emirates,124.86,2941.2,136.18
2016,64032000,Canada,3095,1885756.83,87309.62
2016,30043900,Somalia,1474.89,458420.4,21224.64
2016,9011100,Estonia,57600,2907027.21,134593.94
2016,52093190,United States,24791.08,683333.06,31637.99
2016,9102000,Jordan,19000,283349.85,13118.96
2016,8072000,Somalia,28740,240519.02,11135.92
2016,7129090,China,7646.26,5774926.7,267376.28
2016,64032000,Hong Kong,375,223904.98,10366.69
2016,6031100,Togo,191.84,15915.02,736.85
2016,42022190,United Arab Emirates,28,31563.18,1461.36
2016,94036000,Netherlands,600,47597.67,2203.75
2016,7149000,United States,200,11385.66,527.15
2016,12019000,Turkey,1892000,17537432.82,811974.57
2016,75089000,United States,2121,829884.39,38423.23
2016,41120000,Indonesia,16481,16575282.48,767427.49
2016,39231000,Sudan,1050,52568.85,2433.91
2016,12113000,India,5000,321568.5,14888.46
2016,9012100,Djibouti,1104,211961.87,9813.73
2016,12074090,Kuwait,38000,1038570.6,48085.31
2016,69120010,Djibouti,5,194.7,9.01
2016,6031100,Seychelles,652.96,54572.21,2526.67
2016,13019000,Somalia,10000,148990.1,6898.17
2016,22030000,Netherlands,8800,265925.93,12312.24
2016,62041200,Canada,4,1713.74,79.35
2016,3056900,Sudan,153370,1646205.3,76218.51
2016,11010000,United States,434,41046.06,1900.42
2016,7082000,Sudan,42000,626352.3,28999.81
2016,62043900,Germany,4690.7,3742968.04,173297.59
2016,62046900,United States,417.06,108753.4,5035.23
2016,61099000,United Kingdom,16115.45,3316844.66,153568.29
2016,25174900,Hong Kong,96000,3189075.25,147652.63
2016,26201900,Kenya,51275,489404.23,22659.18
2016,71031000,Mexico,11.59,235811.69,10917.97
2016,44190010,Australia,368,33736.15,1561.97
2016,12081000,Sudan,654000,6428837.92,297652.05
2016,69119000,Sweden,10,2237.46,103.59
2016,19059090,Italy,5,392.28,18.16
2016,7129090,Finland,19.97,14995.39,694.27
2016,7019000,Somalia,29008543,182254911.8,8438313.41
2016,41120000,Viet Nam,19718.5,21569772.92,998669.95
2016,11029000,Netherlands,170,17371.29,804.29
2016,97030000,Australia,18,9299.09,430.54
2016,9024000,Norway,2.5,2347.41,108.68
2016,82159900,United Kingdom,7,280.83,13
2016,64032000,Germany,144,60231.24,2788.68
2016,4029900,United States,2,268.49,12.43
2016,39189090,United States,23,9852.97,456.19
2016,25084000,Saudi Arabia,1320,45148.85,2090.37
2016,11062000,Australia,1165,90695.09,4199.13
2016,7133300,Egypt,672000,7374486.46,341435.13
2016,5040000,Viet Nam,174000,6469794.75,299548.34
2016,7129090,Ghana,837.73,624168.55,28898.7
2016,39233010,Somalia,81281.6,3080039.24,142604.31
2016,11071000,Australia,200,16340.02,756.53
2016,12101000,Sweden,100,3060,141.68
2016,61152900,France,13769,3266388.39,151232.19
2016,7061000,Djibouti,536798,1753751.91,81197.84
2016,7133300,Lithuania,336000,4456408.08,206329.52
2016,73090000,Somalia,8910,370629.08,17159.95
2016,62071100,China,17.48,29977.71,1387.95
2016,20089900,Egypt,5549.11,2043332.19,94605.28
2016,9041200,Angola,230,24479.55,1133.39
2016,1061300,Sudan,18130,905291.31,41914.55
2016,46021110,Canada,4,1714.18,79.37
2016,12074090,Bulgaria,76000,1800288.76,83352.49
2016,61059000,Germany,30617,7050168.49,326419.36
2016,6021000,Germany,154372,57994852.98,2685133.37
2016,64059000,Somalia,628,276771.17,12814.37
2016,96019000,United States,4,1060.74,49.11
2016,25059000,South Sudan,462000,44574.71,2063.79
2016,26140000,China,4580.4,4154371.27,192345.36
2016,6031100,Kenya,802.56,67871.17,3142.4
2016,11042200,Israel,3900,109076.48,5050.19
2016,7081000,Germany,2324.4,99096.05,4588.11
2016,7129090,Denmark,8.5,6348.91,293.95
2016,7136000,Kenya,36000,360982.66,16713.32
2016,7129090,Nepal,162.51,123802.03,5731.97
2016,9083200,Canada,800,51082.32,2365.09
2016,9109900,Japan,100,30919.53,1431.56
2016,2045000,United Arab Emirates,5129924.93,591476196.4,27385058.98
2016,7102900,United Kingdom,32351,2066900.59,95696.48
2016,7139000,Indonesia,6360000,157743267,7303436.22
2016,19059090,Australia,375,21699.93,1004.7
2016,71131910,United States,14.98,113598.63,5259.56
2016,71031000,United Arab Emirates,13.37,420076.98,19449.35
2016,25232100,Kenya,19080000,36648120.2,1696790.07
2016,11042200,United States,650,50347.86,2331.09
2016,7093000,Djibouti,45447,265844.61,12308.47
2016,42022290,United States,280.24,159960.39,7406.09
2016,12074090,Djibouti,19000,345243.39,15984.6
2016,88033000,Germany,27.74,31119.65,1440.82
2016,27079900,Malaysia,3000,643137,29776.93
2016,7129090,Madagascar,1458.76,1092218.17,50569.17
2016,7089000,United Kingdom,1205,75920.98,3515.1
2016,94016900,Germany,82,11435.12,529.44
2016,5069000,Viet Nam,99000,1128705.22,52258.5
2016,12051000,Sudan,1000,6130.74,283.85
2016,58021100,Netherlands,35894.25,4991294.02,231094.48
2016,7133300,Spain,144000,1553271.2,71915.7
2016,71031000,Japan,0.38,16418.12,760.15
2016,90111000,Sudan,80040,3093197.02,143213.51
2016,11029000,Canada,1234,68470.89,3170.16
2016,6031900,Belgium,14032.48,1412865.62,65414.98
2016,6022000,Somalia,316922,1847633.41,85544.52
2016,19051000,Australia,1700,129646.95,6002.59
2016,42031000,Japan,270,1961014.44,90794.01
2016,68141000,Australia,117,6928.65,320.79
2016,87084000,Germany,25.87,24175.3,1119.3
2016,7129090,Malta,46.49,35191.16,1629.33
2016,12101000,Israel,19300,489659.76,22671.01
2016,12040000,United States,55,2760.26,127.8
2016,62089900,United States,2921.82,286308.1,13255.93
2016,7129090,Morocco,130.73,99247.42,4595.11
2016,39159000,China,1300800,8693843.45,402520.7
2016,70134900,United States,180,16642.29,770.53
2016,9041200,South Africa,67295,5524217.99,255768.6
2016,9019000,Djibouti,24794,216031.41,10002.16
2016,12011000,Viet Nam,1540000,12346514.68,571637.6
2016,6031900,China,1323.52,124347.79,5757.24
2016,19041000,Turkey,5,400,18.52
2016,63022100,Israel,95,7788.27,360.59
2016,25151100,China,103188,688572.09,31880.55
2016,64051000,South Africa,500,53462.53,2475.29
2016,12102000,Canada,590,16839.84,779.68
2016,12101000,United States,1660,112182.08,5193.98
2016,15219020,Canada,10000,2062214.4,95479.52
2016,61043900,United Kingdom,1128.05,72205.59,3343.08
2016,61046200,Norway,1466.35,475112.93,21997.5
2016,63031900,United States,10,2000,92.6
2016,9109900,Sudan,288707,16370490.88,757945.74
2016,79039000,Taiwan,131660,504483.26,23357.33
2016,61033900,Italy,4756.32,2601723.95,120458.55
2016,62033900,Georgia,129.04,113034.16,5233.43
2016,62029300,Germany,2383.9,6434041.36,297892.97
2016,20089900,Somalia,60,3847.38,178.13
2016,73269090,Australia,120,6010.74,278.29
2016,34012090,United States,7,601.47,27.85
2016,73072900,United Arab Emirates,25000,1775878.21,82222.29
2016,9011100,Yemen,37200,2288231.79,105944.02
2016,8101000,Malaysia,550,47458.17,2197.29
2016,7133300,Somalia,524000,6021322.17,278784.27
2016,9011100,Belgium,7580880,665595628,30816752.45
2016,7133300,South Africa,4753000,58356046.79,2701856.47
2016,12030000,Canada,5,886.99,41.07
2016,62046200,United States,69.4,146957.81,6804.08
2016,73083000,South Sudan,70,15046.65,696.65
2016,64051000,South Sudan,450,87914.14,4070.38
2016,1041000,Somalia,9800,420040.91,19447.69
2016,12091000,United Kingdom,2500,210010.65,9723.39
2016,62149000,Finland,148.5,130708.44,6051.74
2016,12074090,Viet Nam,3285000,76808549.52,3556198.32
2016,19041000,Australia,1925,150276.18,6957.71
2016,64051000,Spain,657,486245.95,22512.95
2016,41120000,Poland,190.5,393980.68,18241.11
2016,9011100,China,725550,67774002.57,3137903.2
2016,2021000,Morocco,1480.46,86193.58,3990.72
2016,71081300,Switzerland,1984.85,1385910050,64166958.34
2016,9019000,Norway,10,1389.64,64.34
2016,22011000,United States,61805,1069732.39,49528.09
2016,7129090,Estonia,20.4,15248.96,706.02
2016,8109000,Somalia,616,5769.24,267.11
2016,61152900,Sweden,1030.54,351485.31,16273.6
2016,9011100,Swaziland,19200,2057423.02,95257.68
2016,15219020,Germany,52000,10384722.04,480807.56
2016,63051000,Sweden,170,152771.14,7073.23
2016,48183000,United States,17,9124.16,422.44
2016,63052000,United Kingdom,77,31842.28,1474.28
2016,6021000,Netherlands,377574,139501920.9,6458870.81
2016,41062200,China,6312.94,3017302.1,139699.61
2016,12019000,Kenya,900000,7264011.51,336320.18
2016,44201010,Djibouti,10,941.07,43.57
2016,61112000,United States,158877.38,15950090.85,738481.42
2016,71031000,Thailand,88.18,3110994.23,144037.5
2016,6021000,Saudi Arabia,422.4,54466.75,2521.78
2016,11063000,Switzerland,5,762.01,35.28
2016,1061900,Sudan,23680,1112736.52,51519.16
2016,62034200,Italy,780,471158.79,21814.42
2016,54076900,Kenya,50532,5975953.98,276683.75
2016,52062100,Turkey,2720,380876.7,17634.41
2016,9011100,Denmark,133200,8924270.57,413189.36
2016,13019000,Iraq,95000,10703716.91,495576.86
2016,7129090,Senegal,81.94,61561.28,2850.25
2016,42022190,Japan,428,944865.43,43746.81
2016,12129900,Djibouti,11282,96603.96,4472.72
2016,44071000,South Sudan,9800,93296.23,4319.57
2016,63019000,United States,25,85223.94,3945.83
2016,11029000,Germany,10990,330541.94,15303.92
2016,64029100,Sudan,522,137028.74,6344.36
2016,41120000,Slovenia,1164,996007.62,46114.67
2016,49111000,Canada,100,108.93,5.04
2016,6021000,Costa Rica,30,18872.68,873.8
2016,64061000,Uganda,160,89240.66,4131.8
2016,2086000,Oman,2030,110120.62,5098.53
2016,10041000,Israel,41090,1192112.27,55194.22
2016,58021100,Germany,37.14,5271.89,244.09
2016,39232990,Germany,15,4386.78,203.11
2016,8054000,Belgium,30,4850.83,224.59
2016,62042900,Malaysia,62.1,7498.44,347.17
2016,41079900,China,7167.1,1933208.66,89506.62
2016,62044200,United Kingdom,221,40633.85,1881.33
2016,81032000,China,3030.9,1716271.32,79462.52
2016,54076900,Iran,214254,14418448.25,667567.11
2016,94036000,Canada,160,6644.94,307.66
2016,9011100,Finland,672000,67630748.65,3131270.63
2016,52051200,China,524475.3,22212950.85,1028448.77
2016,7099900,Somalia,18207253,1963813780,90923618.77
2016,11010000,Sweden,450,24288.54,1124.56
2016,19059020,United Kingdom,62514,3615668.16,167403.66
2016,92060010,United States,248.57,9421.54,436.22
2016,63029900,Netherlands,12156.25,1730319.4,80112.94
2016,11061000,United Kingdom,2269,138807.47,6426.72
2016,9041200,Lebanon,1560,158235.88,7326.25
2016,9011100,Chile,8000,1079374.98,49974.53
2016,6031100,Italy,60874.96,5129521.13,237494.32
2016,73219000,South Africa,375,37847.19,1752.31
2016,11032000,Norway,20,6937.51,321.2
2016,13012000,Germany,60000,3520071,162977.56
2016,4090000,Yemen,5180,335466.1,15531.92
2016,41131000,Japan,1.5,929.82,43.05
2016,62034300,Germany,1832.89,2069166.32,95801.39
2016,61044900,United Kingdom,560.48,113808.18,5269.26
2016,1022910,United Arab Emirates,534080,21506070.02,995720.54
2016,94018000,United Arab Emirates,7,435.73,20.17
2016,1022910,Sudan,12800,513055.2,23754.21
2016,12075000,Canada,30,5100.72,236.16
2016,33049900,Canada,75,7164.55,331.72
2016,61112000,Russia,13.29,1311.74,60.73
2016,8129000,Somalia,200,690.3,31.96
2016,60069000,United States,1541,309830.08,14344.98
2016,7081000,Netherlands,64050.96,2289639.91,106009.2
2016,66020090,United Kingdom,21,734.49,34.01
2016,11043090,Canada,1040,36051.55,1669.17
2016,20021000,Israel,3970,487150.88,22554.85
2016,62019300,Germany,2040,2012050.75,93156.97
2016,63053900,Estonia,10020.5,2190788.45,101432.44
2016,73239990,Germany,1,118.12,5.47
2016,13019000,Algeria,11800,1338416.86,61968.05
2016,11062000,Sweden,1700,127993.61,5926.04
2016,30023000,Niger,14066,10142281.89,469582.7
2016,62034200,United States,86444.89,22616654.57,1047140.05
2016,9109100,Norway,69,19745.25,914.2
2016,6031100,France,67356.57,5625843.67,260473.82
2016,71031000,Kuwait,1.72,43109.23,1995.94
2016,2045000,Kuwait,1270,173009.09,8010.24
2016,94016900,Switzerland,176,36144.26,1673.46
2016,9022000,United States,861,102116.21,4727.92
2016,63052000,Bahamas,5,5762.04,266.78
2016,85238000,Hong Kong,2,1782513.17,82529.49
2016,12119000,Belgium,28584,3410240.61,157892.46
2016,7069010,Oman,198,861.37,39.88
2016,41120000,Thailand,33643.5,50719584.53,2348292.01
2016,9011100,Malaysia,9000,1321285.25,61174.86
2016,9109900,Indonesia,118000,5160050.08,238907.79
2016,8101000,Belgium,50,6063.48,280.74
2016,7132000,United Kingdom,1700,120153.29,5563.04
2016,7133100,Philippines,42000,895147.42,41444.89
2016,9041100,Denmark,50,17849.9,826.44
2016,7133100,India,288000,5326214.48,246601.13
2016,7129090,United Kingdom,100372.58,5920893.54,274134.48
2016,19054000,Australia,50,5231.76,242.23
2016,6031100,Russia,2155.86,182462.99,8447.94
2016,7135000,United States,2100,20872.98,966.41
2016,12074090,Mexico,247000,5633514.93,260828.99
2016,7082000,Djibouti,26223,142049.3,6576.82
2016,85171200,China,5015.89,4849216.39,224516.35
2016,12019000,Sri Lanka,506000,4503536.27,208511.53
2016,9102000,Djibouti,14210,183113.71,8478.08
2016,22089000,China,3,149.5,6.92
2016,9083100,United Kingdom,110,16824,778.94
2016,57022000,Finland,372,67474.02,3124.02
2016,7049000,Somalia,10290,44090.94,2041.39
2016,61083200,Germany,19753,6335609.37,293335.62
2016,62069000,United Kingdom,8030,951973.63,44075.91
2016,64051000,Canada,8055.75,3885144.55,179880.29
2016,19041000,Israel,9750,407510.22,18867.52
2016,6031100,United States,129187.23,10907281.73,505001.82
2016,54075100,Sudan,16482,884579.41,40955.59
2016,63041900,Norway,98964.1,10261935.97,475122.61
2016,22030000,Lebanon,8800,260430.9,12057.82
2016,11031100,United States,180,4430.18,205.12
2016,58021100,Spain,5953.5,841109.67,38942.97
2016,57019000,France,18,14888.07,689.31
2016,9041200,Canada,13060,1477486.63,68406.91
2016,10049000,United States,870,15235.85,705.41
2016,6021000,Switzerland,3120,716971.5,33195.43
2016,6031100,Ivory Coast,2831.56,234956.2,10878.36
2016,19041000,United States,50901,5868350.63,271701.77
2016,9011100,Albania,19200,1055889.33,48887.16
2016,8043000,Djibouti,997,22322.91,1033.54
2016,16021000,Djibouti,232.5,12521.75,579.75
2016,73218900,Lebanon,200,7061.2,326.93
2016,6031100,New Zealand,858.88,75820.88,3510.47
2016,62046200,Australia,9.16,51271.86,2373.86
2016,62141000,United States,196,565097.56,26163.73
2016,41139000,Viet Nam,2801,956623.97,44291.22
2016,10049000,Israel,1500,46986.09,2175.43
2016,39241090,United States,323,19090.47,883.88
2016,11029000,South Africa,13700,439755.98,20360.49
2016,62011300,Italy,4752,2593985.9,120100.28
2016,19059090,Sweden,30,6262.08,289.93
2016,20060000,Canada,1006,38126.72,1765.25
